Ward,ABANTU BATHO CONGRESS,ACADEMIC CONGRESS UNION,ACTIONSA,ACTIVE CITIZENS COALITION,ACTIVISTS MOVEMENT OF SOUTH AFRICA,ADVANCED DYNAMIC ALLIANCE,AFRICA RESTORATION ALLIANCE,AFRICAN CHRISTIAN DEMOCRATIC PARTY,AFRICAN DEMOCRATIC CHANGE,AFRICAN FEDERAL CONVENTION,AFRICAN FREEDOM REVOLUTION,AFRICAN INDEPENDENT CONGRESS,AFRICAN MANTUNGWA COMMUNITY,AFRICAN NATIONAL CONGRESS,AFRICAN PEOPLE FIRST,AFRICAN PEOPLE'S CONVENTION,AFRICAN PEOPLE'S MOVEMENT,AFRICAN TRANSFORMATION MOVEMENT,AL JAMA-AH,ALLIED MOVEMENT FOR CHANGE,AZANIAN PEOPLE'S ORGANISATION,BLACK FIRST LAND FIRST,CAPE COLOURED CONGRESS,CONGRESS  OF THE PEOPLE,DEMOCRATIC ALLIANCE,DEMOCRATIC LIBERAL CONGRESS,DEMOCRATIC PEOPLE'S CONGRESS,ECONOMIC FREEDOM FIGHTERS,FEDERAL PARTY SA,FORUM 4 SERVICE DELIVERY,GOD SAVE AFRICA,GOOD,INDEPENDENT,INDEPENDENT PEOPLE'S PARTY,INDEPENDENT RATEPAYERS ASSOCIATION OF SA,INKATHA FREEDOM PARTY,INTERNATIONAL PARTY,JUSTICE AND EMPLOYMENT PARTY,KZN INDEPENDENCE,LAND PARTY,MINORITIES OF SOUTH AFRICA,MINORITY FRONT,NATIONAL FREEDOM PARTY,PAN AFRICANIST CONGRESS OF AZANIA,PATRIOTIC ALLIANCE,PEOPLE'S FREEDOM PARTY,PEOPLE'S REVOLUTIONARY MOVEMENT,SOUTH AFRICAN POLITICAL PARTY,SPECTRUM NATIONAL PARTY,THE ORGANIC HUMANITY MOVEMENT,THE PROMISE OF FREEDOM,TRULY ALLIANCE,UNITED CHRISTIAN DEMOCRATIC PARTY,UNITED CULTURAL MOVEMENT,UNITED DEMOCRATIC MOVEMENT,UNITED INDEPENDENT MOVEMENT,UNITED PEOPLES PARTY,UNITED RESIDENTS FRONT,VRYHEIDSFRONT PLUS
Ward 59500001,0.015890785342393316,0.0003650316560530815,0.006408016713076029,0.002131786303721937,0.0009046180840394449,0.0007130225541488525,0.0005380596214216174,0.0026700179311186702,0.0008589939238420796,0.00010433724195268413,0.0011272011124518356,0.002599322180748051,0.0007884914674132157,0.6002292856836485,0.004158118973275628,0.0015613141786233124,0.0005951518310558962,0.010626925532452374,0.00047715607883133156,0.0003278752011449795,0.0005858486345387601,0.0003011221765902946,0.000858234506028879,0.0004235479208119404,0.04488349981158285,0.0004611815048513326,0.0004174239246259493,0.1494773793701965,0.0,0.0,0.0002950229607365366,0.0008144377640967092,0.050320080501490984,0.0010756077951590184,0.0,0.07235607193355306,9.118366068797105e-06,0.00654142034415339,0.002426403750326404,9.348124612221989e-06,2.07197404285399e-05,0.0007010969279036009,0.0043319911944637475,0.0016654225676843324,0.00015681770809854845,0.0014312899671828172,0.0039013940212307653,0.0,5.810569807475269e-05,0.00021625028940556754,0.0,0.0012463222551764561,0.0004150561072132171,0.00010141104175147128,0.0,0.0006255609057009005,0.0,0.0,0.0007973005748489402
Ward 59500002,0.022522925853461124,0.00038350952247292975,0.006789386079063883,0.001337127649980249,0.0008300313529364951,0.0006168131412061224,0.0005049126075830544,0.0026172464120708633,0.0006998472579819546,6.569657156243478e-05,0.0012790903621701546,0.0035514375570520973,0.000792221470525104,0.5704365339880711,0.004955304953676267,0.0015561286932474208,0.0006392916731241514,0.008443790355226997,0.0005285381565066906,0.00032984228430976736,0.000618178955415398,0.00044442809644832775,0.002735622487967051,0.0003017028006486814,0.0352274232158572,0.0004598655565531139,0.00037876603960968917,0.1443938194375011,0.0,0.0,0.0001913541065909617,0.0008647584382937161,0.06644400639571338,0.0013069461363330755,0.0,0.08703554379051957,1.361817660309039e-05,0.006842576008538551,0.0022751469695991857,1.446743958074401e-05,1.9541999498383535e-05,0.0007027152972314515,0.008310450972686222,0.0021463961079617394,0.0004739588586964133,0.0022020471399088956,0.004522143701264811,0.0,2.9314637835635187e-05,0.00020211898237247202,0.0,0.0012331460373732194,0.00042478029606436664,0.00012445741629517345,0.0,0.00051768018816451,0.0,0.0,0.0006633483706449429
Ward 59500003,0.026801852278602163,0.0004146300209435786,0.009269690575849296,0.002198274811678122,0.0007868981497606099,0.0006298486748325422,0.00043510386768903634,0.002940129829827487,0.0007030696142740265,3.596568679954795e-05,0.0011319467923991268,0.004361878299740295,0.000764907688445052,0.5068087624192329,0.004984798114588184,0.0015764016156432027,0.0005828709915842739,0.007032703678542531,0.0007203439524306827,0.00033514014889181,0.0004840825333496183,0.0009666092930412915,0.002735622487967053,0.00016555967207588536,0.040809754153332725,0.0004108207510024129,0.00032531051004832745,0.13742629207631096,0.0,0.0,8.270671640517786e-05,0.0007168106469251912,0.07600724560921739,0.0014666622629749665,0.0,0.13048319108302492,2.3967740831964977e-05,0.007048795137651605,0.002048242689006345,1.077480023173768e-05,2.2230566100105922e-05,0.0006903008543329065,0.011745409326486099,0.0023092789911525126,0.0006231486104456331,0.0027251452587393364,0.004494295787252186,0.0,1.710453542478561e-05,0.0002913425703806696,0.0,0.0012552430756304646,0.0005380553289428481,0.0002617371320191712,0.0,0.0005420022031591736,0.0,0.0,0.0007570403847823341
Ward 59500004,0.017391974729434805,0.00035636020859571916,0.007505674309297936,0.0021408351293217666,0.0007936086120406173,0.0007097290011836533,0.0005234753949218999,0.0028375943897803522,0.0008485629630651151,7.156600263400659e-05,0.0012081042384713902,0.0022909940128406853,0.0008199290996146741,0.6072300751148507,0.003932081044242146,0.001639021162077367,0.0004954015946707593,0.009209622274674778,0.000510164282585546,0.0003461080490271779,0.0006548018557183624,0.0005313079331279346,0.0008582345060288791,0.0002873878986863423,0.0466199840953968,0.0004788723707946777,0.0004131090953198679,0.13520696173861607,0.0,0.0,0.00030081935224087267,0.0010059941713931083,0.04702029746194979,0.0011552137717433084,0.0,0.07844426471901754,1.886795555976591e-05,0.006627624206227108,0.002553933255539449,9.770917414636324e-06,1.4589567161628641e-05,0.000694453212932121,0.005164125772643739,0.0017629139047496184,0.00019954764167515217,0.0015675721064196543,0.003871750109559988,0.0,4.6225850612671755e-05,0.000242146954740056,0.0,0.0013456765410191402,0.00046179498141941234,9.841966338677778e-05,0.0,0.0006250861633003012,0.0,0.0,0.0008573706122743831
Ward 59500005,0.014129780234191685,0.000389689860982382,0.007340784941424968,0.0017198275679342293,0.0010046286854076911,0.0006134597568026634,0.00046251331523970685,0.0025588995381114503,0.0005526075909140102,7.453381886421079e-05,0.0011700086151502397,0.0023618255007602355,0.000789080747008552,0.622557058384673,0.002835594550342555,0.0014882338222130204,0.0007447850767900442,0.01060486799425153,0.00046215946578078804,0.00032261401249231684,0.0006371532474375074,0.00036102345050090587,0.0027356224879670522,0.0004301034429325888,0.03681523085913543,0.00046262543303104525,0.00035048143051700923,0.14634254456263426,0.0,0.0,0.00027688106826229966,0.0009298698940877494,0.028929608395423145,0.0011504453114258544,0.0,0.08275108738015989,0.0,0.0068218682208127275,0.002367547650174439,8.764802703909555e-06,2.4018706837060904e-05,0.0006387962374093947,0.004009465856236203,0.0018388102597381856,0.00046688800788809403,0.0019835990030970174,0.004301267118160141,0.0,5.292645180486037e-05,0.00018400023085229212,0.0,0.0012178425306963421,0.0004518261649020685,0.00016831701030537436,0.0,0.0005040260669804019,0.0,0.0,0.0006044052385516045
Ward 59500006,0.020261635930938132,0.00038633616730860765,0.006637245009424838,0.001595004893080505,0.0006902821560148197,0.0006285768860699647,0.0005445664493169043,0.0022781995854481,0.0005569600200310091,8.989838352618649e-05,0.0010720741841096031,0.003470217732928545,0.0007987369337731397,0.5628235244287182,0.00640526553014128,0.0016144325462549354,0.0006277751596170787,0.008377642772872111,0.00044220939144382386,0.0003125041709725498,0.0005216215555398558,0.00048803586711818997,0.0002503183975917565,0.0002717388439829255,0.020234466819326963,0.0004067355715407327,0.00042606181854308085,0.15100426442162415,0.0,0.0,0.00012749933125902796,0.0005824530040566387,0.07694328579915528,0.0011127624681942236,0.0,0.09881671256423555,2.205532135489033e-05,0.007126496140167477,0.0021451736631453435,9.514618173613688e-06,8.268036228291317e-06,0.0004966921520454291,0.008085416254998482,0.0022724852218409934,9.70213484652109e-05,0.001664750430459705,0.004477769317683924,0.0,4.019660460198313e-05,0.00021825303889042578,0.0,0.0011185017915437668,0.0004472750982096288,0.0001860838664418454,0.0,0.0003129256317052012,0.0,0.0,0.0004720766698854095
Ward 59500007,0.013738584951593538,0.00031473871036318733,0.01737775709630439,0.01334685163794778,0.00046565697148568557,0.0004104713435363223,0.00034234055658428447,0.007069389383812043,0.0011639680984686085,1.65219058572637e-05,0.0009775937121478864,0.004361006522909719,0.0005098714848005745,0.47739823393439745,0.001924507918237442,0.0012397611429568283,0.0003423923247621215,0.00996462508074138,0.0017666530943054469,0.0003672530989790468,0.0005555951113505061,0.0007986320757397549,0.0006257959939793913,0.0002731420938923062,0.1460198506205068,0.0005253241032103666,0.0004808843130567567,0.13497315428947523,0.0,0.0,6.194125868793233e-05,0.001357442131212993,0.06198648833412615,0.0009721226793021083,0.0,0.07177684623612986,0.00012207947519618612,0.0050543141959193665,0.0023404240612269352,8.873897742278758e-06,0.00017968290475226442,0.00207853841509312,0.004045015903339799,0.001062506200132293,0.0007547200805709704,0.002162163545307,0.0016484172296934785,0.0,2.1241558441418842e-05,0.0004593369149332246,0.0,0.0017289748982872956,0.000535700775680464,5.4434342580581945e-05,0.0,0.0019362986431110207,0.0,0.0,0.002301878747131415
Ward 59500008,0.010426221341965618,0.0003535526601660007,0.02331861943230088,0.02006067401817013,0.00231620977176342,0.0005110702890780539,0.000274698534636953,0.0084771000894497,0.002924131132769734,0.0,0.0013035629285802503,0.0019666531656677777,0.0005167371646308506,0.380300979308736,0.0007285151054649766,0.0007961234937351848,0.00017307467712465485,0.007002356150419673,0.002537132984483615,0.0005416418059672982,0.0005281792946931567,0.001165929365993605,0.0030997219753732454,0.00035881092284641863,0.3320178105034421,0.0008952321015658382,0.0003539357940776334,0.10078719853202311,0.0,3.1849795126159175e-05,1.9450942947822274e-05,0.0015276805827291948,0.012929592014122936,0.0019525073163359189,0.0,0.046305728737298296,3.4423550587343715e-05,0.003564488162082206,0.0016812113339424461,5.8887571953094655e-05,0.0024988027092265556,0.005059017165241825,0.0010707122849959677,0.0010641950184247248,0.0011809183335670262,0.0034020859025896506,0.001760806646472841,0.0,2.2783578323312674e-06,0.00031659578311046734,0.0,0.002568926087025286,0.0005373078308514189,0.00018091654100887782,0.0,0.003781858721166233,0.0,0.0,0.004733886066235795
Ward 59500009,0.006034283516400492,0.0003216409188387607,0.022978479586087047,0.01567698163708069,0.002957587141072686,0.0005696864118351755,0.00029662128192078815,0.01110266001582155,0.004803530272341033,1.4765440431994597e-06,0.0008607302117821634,0.0016307473371631916,0.00045716090507929533,0.30852472077990756,0.0005221725407717623,0.0006333614736917886,0.0001616521633250069,0.00506366268147649,0.002642673935028156,0.0004746118325855109,0.0004466244670402444,0.0008989368629510181,0.007830441691765066,0.0002250213098764046,0.4259088573723158,0.0032172018929526344,0.0003097975550071024,0.07686061231940006,0.0,0.00017923829549072162,6.4150616179315e-05,0.0016253287828609227,0.014423516013355531,0.0022342559793176314,0.0,0.04142189825838806,2.9698749526335728e-05,0.002587477327705809,0.0014578116083052018,4.694463391811287e-05,0.004873662614699297,0.005375634941996428,0.0008314587024108132,0.0009815412947852071,0.0017112961565011948,0.00457743513400012,0.0013984119014623692,0.0,1.563092080333459e-06,0.00043267636558683815,0.0,0.002455484027015075,0.0005450538160129578,0.00014478486826753896,0.0,0.005196133167805192,0.0,0.0,0.005992608994768055
Ward 59500010,0.0006319322076860546,0.000116176290283993,0.02857188320915153,0.004197654600397816,0.0009576272709855637,0.00037289385432796775,0.0002644204483906902,0.017646512767528173,0.00515644152439478,0.0,6.63757120533995e-05,0.0007685867909021396,0.00024642511607341286,0.10209550394127596,7.481739089552763e-05,0.00021337121624473657,6.234548648718588e-05,0.0017880280474247253,0.001583262300090204,0.0001901440751874609,0.00020185418611153578,0.00021436006953063478,0.007359559554592552,4.5980942061781205e-06,0.735263143292659,0.003036516199383007,0.00016233805487697573,0.022640663802868877,0.0,0.00017162426118917388,0.00030805844659555047,0.001736055517841539,0.0022281244636437186,0.0006919893526136274,0.0,0.019517862965879446,0.0,0.000709300209532438,0.0007287542400527949,7.583636678800487e-07,0.00424248500462254,0.002791167584084005,0.0004140505287264028,0.0005938241780153137,0.0011409161479574662,0.0031796320860719668,0.00017140366478365603,0.0,0.0,0.0005661086288802276,0.0,0.001031825020351033,0.0005995874522552904,5.975067437725792e-06,0.0,0.009431307737083209,0.0,0.0,0.015851753574705047
Ward 59500011,0.005178436572063757,0.0002957566296983678,0.02209190166779542,0.017711303271568727,0.00433849928196408,0.0006144321842334129,0.00033885000421594603,0.011663609999913538,0.0052730325676288185,0.0,0.0007042732909751611,0.001785458760926416,0.00046319133065653156,0.30253035661872374,0.000468007210209569,0.0005833798253279224,0.00015541531490859722,0.004791444454420002,0.0035589595103094162,0.0004994331604858004,0.00039868000529096536,0.0008889889573291276,0.020891698080392075,0.00020111989754978868,0.4057164752732942,0.004028647836000909,0.0002752746414460603,0.0753457421450065,0.0,0.00022925523994372387,4.359297997901804e-05,0.001940195252261473,0.011466211805430657,0.00308182079672915,0.0,0.04763663253194826,1.788674687381584e-05,0.0023198648185856125,0.0015419270420488269,5.251525356829573e-05,0.005901808462909026,0.006268814992587987,0.0007555607076238329,0.000946727808496986,0.0037338230100504195,0.008592758831744245,0.001288542244759506,0.0,9.414077302008337e-07,0.00039104833734274105,0.0,0.0030295534435752763,0.000588076504876787,0.00013685722223578297,0.0,0.004987675489637702,0.0,0.0,0.004255540576725705
Ward 59500012,0.016233330140037378,0.0003735895656837333,0.006942582742311197,0.0022633149328269184,0.0010020895944518945,0.0006771963705219271,0.0005397859880804075,0.0029856859385205825,0.0007129812827947886,9.053294822214819e-05,0.0012634886167045471,0.0029256218525723202,0.0007862057619396718,0.5874972808504593,0.00507017839214702,0.0015821088510952774,0.0005215531505812457,0.008712157003498009,0.0005808307680774422,0.00033530722850357497,0.000653926931129344,0.0004470847489918697,0.002735622487967051,0.00030610407478802356,0.03899957483308525,0.00045526057333021525,0.0004058471822259548,0.14506266861655664,0.0,0.0,0.00019083668917827413,0.0009066269994453939,0.057502430956653555,0.0012792460451777116,0.0,0.08204974935282629,3.124243452907245e-05,0.006892594252392291,0.0023747059567972495,1.2238675313466362e-05,1.6936480498117066e-05,0.0007068776424255991,0.005758447808157625,0.002011633168671071,0.00044594069050420896,0.002182995028378728,0.0041315846595150404,0.0,3.763570619006571e-05,0.0002263839255890308,0.0,0.0012739101931621515,0.0004437837427193026,0.00011913078958268029,0.0,0.0005584945814634746,0.0,0.0,0.0006846627937257092
Ward 59500013,0.009523555685713104,0.00027858648053249866,0.0177352890115105,0.013061286527909237,0.0012148014490798468,0.0004897392223706772,0.00033316838304060873,0.010853364100987447,0.002046660242987795,3.949372390471979e-06,0.00080843102814092,0.004272691873791045,0.0004498808526552456,0.42924708269226863,0.0017909672782394687,0.0011667040554019284,0.0002563871227203241,0.008318485980003953,0.002218899096797011,0.00033717935261272873,0.0005119957579602675,0.0008097495262547749,0.004550430870507289,0.00029261116123129434,0.1875967311661948,0.0009993096266161722,0.00039977502793365273,0.12333390620337767,0.0,2.9329307742074628e-05,1.9822056762403694e-05,0.001597420624347746,0.0750689493948025,0.0013398743669894716,0.0,0.07066737748213879,0.00033377681162412586,0.004251020763359001,0.0020770039631564296,6.740309743681901e-06,0.0007779351470822605,0.0030574624695129415,0.0032553099446039936,0.0009665651512941295,0.0012851409278421813,0.0033285471163878007,0.0013229790883223715,0.0,2.223917686448119e-05,0.0005413301143181022,0.0,0.0018890501962479744,0.0006048164309427811,3.421128967722385e-05,0.0,0.002268431451304668,0.0,0.0,0.002353047265703848
Ward 59500014,0.024452880884305406,0.00038781909082202565,0.006619373155602175,0.001512158262066276,0.0008784896696295068,0.0006638799594192485,0.0005184511889951304,0.002845137407036145,0.0006865237170149891,5.022920000515072e-05,0.0010351712686527644,0.00342560606436188,0.0008166122545156441,0.582430445555808,0.004874037174744489,0.001538227210495961,0.0005162219932047837,0.008707758318576637,0.0005780256491504649,0.0003492219956404099,0.000703461463826266,0.0004562910541685873,0.0027356224879670522,0.00026572673300500173,0.03894157577469525,0.00048714812504384823,0.0003973539407132747,0.130915219411285,0.0,0.0,0.0002436815841533018,0.001022653168520484,0.06775417195558954,0.0012608564936026434,0.0,0.08216696282471136,2.402398846364364e-05,0.006577425854270945,0.0024420982320485793,1.2097960570453863e-05,2.0842465974748124e-05,0.0006839167589214711,0.008053040989969295,0.0018691978900505658,0.0004719789122744988,0.0020843513874466576,0.0041468001758951795,0.0,3.990851624495923e-05,0.00022183795965706043,0.0,0.0012991400481676188,0.0004348252535078613,9.701730267312263e-05,0.0,0.0005291420326169473,0.0,0.0,0.0007553592339178931
Ward 59500015,0.02693575803408645,0.0003784469761706193,0.007284215358142027,0.0025382307279627116,0.0009130181583839644,0.0006736627851431092,0.0005085834122229024,0.0027712398817551203,0.0007946474405662556,5.549808134160997e-05,0.0009231320702984258,0.003401802693115638,0.0008374837825238447,0.5503742672869297,0.005329178621141928,0.0016274476559787012,0.0005133322565218043,0.009715415482372864,0.000641715263228732,0.000349112865976916,0.0005867072565176702,0.0005809475672048773,0.0027356224879670522,0.00026025639026240957,0.039137757007374034,0.00043680778461465514,0.00041356521290170415,0.13977099988511038,0.0,0.0,0.00030197877966528915,0.0008547431540802433,0.07429650901536315,0.0013080802985426078,0.0,0.09184437212614686,2.45864647804303e-05,0.006854060963585322,0.0022847139988699835,1.0085375943877297e-05,1.9574476535828243e-05,0.0007615130355538959,0.008693784847318286,0.002161247529679105,0.00047752757216034454,0.002409204755649789,0.0038306959602830586,0.0,5.2236869488361084e-05,0.0002241846653748592,0.0,0.0013713097300847856,0.00044904847384089395,0.00010134340639671514,0.0,0.0005327052800779363,0.0,0.0,0.0006476407947625133
Ward 59500016,0.0076325713154384986,0.00029243709137283594,0.019641348918403828,0.014011742852104754,0.0016563772139118877,0.0005021313745481918,0.0002778803769806487,0.010853368089621254,0.0021113836722107203,9.843626954663066e-07,0.0009793467386842503,0.003736218365883541,0.00045368517479350465,0.4141904809890268,0.0009044194172720663,0.001088540822442023,0.00024409944310844057,0.007584193138840844,0.002409717237421089,0.00040418921396515636,0.0005818857627800166,0.0009256771214184392,0.005790644749484625,0.0003153022603238255,0.2295299572218196,0.001104858551739937,0.0003840003311036321,0.11607087355003409,0.0,3.9640392495147725e-05,2.2601145091703333e-05,0.0015897860172501754,0.06258481211169657,0.0015147918204099044,0.0,0.06053678027305058,0.000277232077070439,0.003929974478616958,0.0018958244799915783,1.6528576005955103e-05,0.0013191496587492094,0.0035999083123813003,0.0018676557982712822,0.0009259729090612833,0.0014803394266704344,0.0040629162231983216,0.0013954974880499235,0.0,1.7230430400418518e-05,0.0006278415732157463,0.0,0.0020470355562648636,0.0005919594387412568,6.316433607290034e-05,0.0,0.002760625874068394,0.0,0.0,0.003154416245745621
Ward 59500017,0.00889491753863825,0.00026953659192047007,0.020601898475166826,0.017867101288253813,0.0009588744232779668,0.0004301757377868172,0.00031738862318463155,0.00908858281318364,0.0017240485067393592,0.0,0.0010847380203932583,0.004721139101470572,0.0004318614531278941,0.44187484033814434,0.0017058287753266902,0.0010987968251975032,0.00026273817808756574,0.008047210793825862,0.002607639096009575,0.0003577730419140097,0.00047517056260591473,0.0010737068001341278,0.001814808382540234,0.00028685284086910496,0.18233426580876827,0.0009040381700160871,0.00041842279402844987,0.13841643865274778,0.0,2.932930774207462e-05,2.0090840835141533e-05,0.001384085227092164,0.0503483139712083,0.001228405279716985,0.0,0.07149568565325921,0.00022027534063343086,0.004470694388224204,0.0022203346206650177,8.775116052382281e-06,0.0009542075403378536,0.0028860789393382502,0.002805528275569369,0.0009638532688382985,0.0011265224997886968,0.002605771564079788,0.001203591921859588,0.0,1.4247140128502348e-05,0.00044109266832825317,0.0,0.0021765532830710145,0.0006524437964103149,5.222209352066536e-05,0.0,0.0022805747867810067,0.0,0.0,0.0023425288431607083
Ward 59500018,0.0007267099712229396,0.0001387708985856742,0.028300765091791778,0.004475453583395823,0.001584114929933076,0.00041583613520934794,0.0002790552516434766,0.01796873159557932,0.005643307708350099,0.0,8.875866753470935e-05,0.0007840551863001207,0.00026121795266007594,0.11210577464040805,9.017973842434757e-05,0.0002374671365688193,7.199133703957763e-05,0.0019734543769276583,0.0020102211371536426,0.00023890781721731515,0.00022555481136095305,0.00019400040228645596,0.014281061913399527,7.44355832358644e-06,0.705743716520868,0.004015314035001477,0.00018379303486011777,0.024667731956311417,0.0,0.00023355623691239386,0.0002741603616359854,0.0019000603182913035,0.002167914583149878,0.001015378833078318,0.0,0.023420263933678336,0.0,0.0007447493473975359,0.0007551565266493325,1.3361645576934187e-06,0.0052599982046027775,0.0032957565244982664,0.0004150397738730982,0.0006162310142123593,0.002169031654287525,0.005395505624234962,0.00022930272239627612,0.0,0.0,0.0005807075661788766,0.0,0.001188067212242857,0.0005819443076391743,8.047010064884296e-06,0.0,0.009074940687588209,0.0,0.0,0.013959462004472605
Ward 59500019,0.015314738994555212,0.0003064901219024561,0.013238672365624074,0.010042292416646151,0.000619720128413698,0.000506319998601778,0.0004271448512757538,0.005464958601979585,0.0009949078994519072,3.029989004020393e-05,0.0008599153552688843,0.004720125374404853,0.0006064387150695166,0.500526298550593,0.0037835456766445942,0.0014054377924420168,0.0003684972101171887,0.009559062086227652,0.0015023674009266993,0.0003273235474691073,0.0006112636366083102,0.0007908465953057895,0.0,0.0002707650432780635,0.09815527462727648,0.00047816248217933673,0.00044315844027100035,0.13938188033026963,0.0,0.0,0.0001887695131021632,0.0010618349318711018,0.07956322007237153,0.0010071949940671143,0.0,0.08149007959392092,0.00011133906203949302,0.005653887586449269,0.002222527206741456,8.773059401920319e-06,0.0001400370637637399,0.0016966159096437922,0.004735948050407859,0.0014208159770060333,0.000568288301516553,0.0018251494942837531,0.0022979584168252754,0.0,3.693158146242717e-05,0.0003523240559202424,0.0,0.0016894028301740953,0.0005138994942110673,6.406247465937447e-05,0.0,0.0011993323130854014,0.0,0.0,0.0014156998842321047
Ward 59500020,0.01778929225123546,0.0003864549027604866,0.007004718941149601,0.0014645723562557963,0.0009320595842767975,0.000621532367886346,0.0005069808791583161,0.0027715747267305513,0.0006748914953416006,8.30353821660983e-05,0.0014145535903295862,0.0033207479266356686,0.0008086031465747535,0.5900466951063231,0.004582310734652704,0.0015492002217381978,0.0006340577383736103,0.007991221342690117,0.0005458499385500707,0.0003203534785921867,0.0006060178350535873,0.0004308789680974751,0.0027356224879670527,0.0002688255603970265,0.03626695622732772,0.00045125631326576763,0.00037254126937012906,0.1447212306194979,0.0,0.0,0.0001785017844725411,0.0008940819630922486,0.05115272095685933,0.0012486185761889398,0.0,0.08805980168591807,1.8117987137383695e-05,0.006972829591998894,0.0022847964851244506,1.3378918769074204e-05,1.896603993855785e-05,0.0006861502058517319,0.006678417240849641,0.0020040988382035254,0.00048451396717435146,0.0021457061348927682,0.004598452309664274,0.0,3.958953373587172e-05,0.00021886834614158435,0.0,0.0012368761115436927,0.00044344342669206917,0.00014544903127116217,0.0,0.0005180468346932407,0.0,0.0,0.0006565386373890115
Ward 59500021,0.008803490078514657,0.0003213360529174561,0.02263976469913062,0.01746179881132788,0.0024152129438420765,0.00048698994215556473,0.0002934155815182041,0.009434993253612802,0.0031986595674307573,3.1702038525258687e-06,0.0011891457447409208,0.0021512845933741023,0.0004888038078832982,0.37017107744242345,0.0006655769485447232,0.000803984118789281,0.00019153039349845287,0.006949238021702754,0.002814767920255388,0.0005168432710483876,0.0004999943472808524,0.000992524609108598,0.009163983155125916,0.00028816196971114964,0.3270287069944228,0.0017790869727049633,0.0003432560254070977,0.10216263612863259,0.0,8.671131273298627e-05,2.2386951364843725e-05,0.001726013780894021,0.016567583266278666,0.001972426948125576,0.0,0.050261698883940394,3.9292095595974925e-05,0.003390029519258785,0.0016814616967518149,4.2739068870114146e-05,0.0030880906196926873,0.004769091798864236,0.00120331906874911,0.0009879181922063584,0.0020638045284717614,0.0051050232686726755,0.0015426659721772733,0.0,4.0106272486445835e-06,0.00038995163228094123,0.0,0.0025156618909891147,0.0005590055991829526,0.00013082263186381672,0.0,0.003994380788381474,0.0,0.0,0.004596476258448747
Ward 59500022,0.02039550317229324,0.0003794612434410126,0.006845682136922496,0.0016520784133648688,0.0009491235026947468,0.0006617028499981901,0.0005097350376448682,0.002633977764754239,0.0006835380237177802,7.539518726871289e-05,0.0011813771610996776,0.003041244408995483,0.0007849293500683476,0.5893189007269231,0.004490888445306852,0.0015142793148622581,0.0005658020919015184,0.008487858276865365,0.0005090346495295973,0.00032941114631404345,0.0006619164625574467,0.00038366288457206214,0.002735622487967051,0.0002601798009506856,0.0363018609462094,0.00046934194928746766,0.00038344511038717347,0.13974500851477525,0.0,0.0,0.00020355350766110435,0.0009741679037462202,0.059699941353171526,0.001310703306941941,0.0,0.08281184865590618,1.361817660309039e-05,0.00674717446965857,0.002396960634916678,9.922788752340406e-06,1.8585826910219198e-05,0.000703719763261062,0.007017111325689123,0.001980532836709414,0.00043420239799353327,0.0020170656593586204,0.004460825914450459,0.0,3.5046313039245075e-05,0.00020963241772601644,0.0,0.0012635574666214034,0.000432907034745134,0.00012982891579677914,0.0,0.0005094803297449772,0.0,0.0,0.0006686519399233087
Ward 59500023,0.004533158878555704,0.0002950822010771299,0.021421584841897687,0.01527225867886744,0.004218585498426826,0.0006091053898330946,0.00033823486771276484,0.013206684299128895,0.0061771430088885465,0.0,0.0006221580414436395,0.0016501516858617505,0.00043355176081197734,0.28441560266589316,0.0004336201829165775,0.0006518028065488001,0.00015674660869039687,0.004851442590265963,0.0037014981856179465,0.000516583385659633,0.00039458784547289353,0.0007391048750609895,0.026231823895682876,0.00017049118541473304,0.41125532689129923,0.0067058505085512525,0.0002867047364718412,0.0709647898786855,0.0,0.0003993063043634536,3.5252228325324685e-05,0.0021224139629089206,0.015749894649033404,0.002768110298729957,0.0,0.04890460532202692,3.7573417961349e-05,0.0022422654772359177,0.0015013608573619477,4.2423341955323267e-05,0.008588471171726151,0.006325155517919316,0.0008370800294785815,0.0009056841575089167,0.004403850744005883,0.010274975563908006,0.001119705005037599,0.0,1.9775483137552107e-06,0.000491315282365971,0.0,0.002743917340682365,0.0005683802405192367,0.00010124612484656696,0.0,0.005511396968834876,0.0,0.0,0.0040699630502130345
Ward 59500024,0.0077049726072119734,0.00033501051912615553,0.022553426170301875,0.02138865264480458,0.0039423195377063765,0.0005778782751585239,0.00031644788491791783,0.008998150404952278,0.0035917122037561564,1.4765440431994595e-06,0.001054357377040635,0.001701090238152847,0.0004886802484562776,0.3509819847201385,0.0005745988825333102,0.0006441803468387145,0.00017167063063647293,0.005864756216801819,0.003166894984652094,0.0005072065597924456,0.0004476938251881234,0.0011008106225362743,0.01282190973898163,0.0002716115877856307,0.36181342513549203,0.001090813185276314,0.000303229720733598,0.0895013443791537,0.0,4.368844799079862e-05,1.6424144607404644e-05,0.0016749146945078408,0.007635489312922132,0.0030875461405501375,0.0,0.04790178046143502,6.562223695844383e-06,0.002894385671789844,0.0016627949161412805,7.129068712532053e-05,0.002712892914930908,0.005644183348698516,0.0008385904795317395,0.0010522495798297377,0.0026835276102089903,0.0061077921068895995,0.0016652059134761395,0.0,8.119722064628807e-07,0.0002566701655446714,0.0,0.0031436059105474654,0.0005382670115080073,0.00017462933447987374,0.0,0.004026189505325644,0.0,0.0,0.004244202253886946
Ward 59500025,0.007604843444491154,0.00027968283535818205,0.02181558204003434,0.0193205766300016,0.0011954670183604657,0.0004452929201601734,0.0002876855089186339,0.008931236820473865,0.0021950526076829294,0.0,0.0010460074543279627,0.003915619104992412,0.00045806171379073215,0.4224429543892907,0.001238234902302298,0.0010485844511014721,0.0002456152552723352,0.007549356654023273,0.0028294216288358423,0.0004460791495455335,0.00046926822106196524,0.0011827629275818156,0.0025245856570969465,0.00028864763063439237,0.22035114370825395,0.0013002388493615173,0.00040284478243814647,0.12885991369153565,0.0,5.315937028251025e-05,3.874907718695296e-06,0.001550583850317325,0.04383437813034538,0.0012368739936027755,0.0,0.06388097105217799,0.0001692491237211065,0.0041361005847900595,0.0020778365121590487,2.521612508752705e-05,0.002123698379690925,0.004140277834279728,0.0019826229947723984,0.000979667341432104,0.0012989924450168082,0.0033462373628002926,0.0012648752290431464,0.0,9.241626988061889e-06,0.0005111740675970946,0.0,0.002456530620395713,0.0006204943031296871,9.157456713226564e-05,0.0,0.002684223769826247,0.0,0.0,0.0028473858107650038
Ward 59500026,0.0074211978398253395,0.00031995518873396023,0.021421908518877743,0.017450212855987635,0.0030005711466702533,0.0005209190795190189,0.0002991841043811581,0.009186759212843535,0.0038213276920260417,9.58148091369002e-07,0.0009671608629703823,0.0024199835021297324,0.0004824372495133351,0.3595511851533329,0.0005544126468655691,0.0007438664845817221,0.00019920740767330177,0.006529373625241242,0.0027835303702780975,0.0004974175136681056,0.0004954805650193817,0.0009106266881953358,0.00945900126657334,0.0002330266439758754,0.33598570269011374,0.0022894940873525245,0.00030152462362392345,0.0910455818385986,0.0,0.00011576784045513827,2.6497291697598233e-05,0.0017437959129073246,0.027985328690535747,0.002382560549460341,0.0,0.051636056074916226,2.7430095048629534e-05,0.0031068677016529832,0.0016982092622698452,5.0499141177768354e-05,0.0038270124703228305,0.005546025194973356,0.0013339191765424302,0.001000266463569845,0.002160648769743146,0.0051907349630725685,0.001606101901071478,0.0,2.7206201512501896e-06,0.00042172666234979137,0.0,0.0027385578934671436,0.0005048177312800292,0.00014117544879199418,0.0,0.003882794923838641,0.0,0.0,0.003978478214040846
Ward 59500027,0.000770424795089574,0.0001946032410043805,0.023472803528537547,0.005703179326005025,0.003514056487997804,0.000536694029331504,0.0003722127301610912,0.019324739827866186,0.009403661056798561,0.0,0.00011071435997111307,0.0008728856420944838,0.0003641745896441809,0.13389884597014218,0.00010715783358678634,0.00039096698458568124,9.787658658960445e-05,0.002238937941924236,0.003794816352613724,0.00045335495098135193,0.0002693569218162821,0.0001446530967571516,0.03921510411680609,2.9551659936199886e-06,0.6095092428447261,0.012199646741526892,0.00019502960363350293,0.028477788745704186,0.0,0.0007509435562999295,0.00012089767703543393,0.0025760020400823784,0.0006584564107209284,0.0016310663565680076,0.0,0.03538390228867632,0.0,0.0007546196845448772,0.0008793369960016091,8.15974918939038e-06,0.014374238737137968,0.006144739050147304,0.00029060864498146557,0.0006491341777253311,0.005932423808464618,0.013717650953063048,0.00023069176193239266,0.0,0.0,0.0006254050398569421,0.0,0.0017054490947057625,0.0005724437234131607,7.11807820516323e-06,0.0,0.009102885821045603,0.0,0.0,0.008247942878313928
Ward 59500028,0.015267769558475287,0.0002906654389559317,0.01965410476199531,0.015744016081081,0.0005268092860927021,0.00040166316075285793,0.0003234338805374567,0.007701692500473632,0.0015952876297398453,2.1958414753180045e-06,0.0011036029912562004,0.005230325780145033,0.00046168025543561364,0.43810445810783805,0.0021995176465789707,0.0011210676338981082,0.00029034341355989947,0.007988918429828858,0.002289598580749681,0.00036308891845289947,0.000490542156217764,0.0010044394922937728,0.0015853498514144574,0.0002372466140353439,0.17011219640084907,0.0012192259598521199,0.00042740907115608093,0.1375725520136414,0.0,4.9493206814750914e-05,1.3797592212400477e-05,0.0012996529361258545,0.055657686177891824,0.0010302643084238736,0.0,0.07851368731802258,0.00012808547231209696,0.004832012634521077,0.002165516971509054,1.1119479874717799e-05,0.0011708839051088591,0.0023096869696472323,0.0053314606183078065,0.0010803924986495803,0.0012388057554797926,0.0024311637897706335,0.0016017077007376612,0.0,1.046951199849435e-05,0.0003752684332294176,0.0,0.001954420316773044,0.0006026033407554999,5.459819220752241e-05,0.0,0.002330012602893785,0.0,0.0,0.0024980088099497665
Ward 59500029,0.016015945750920847,0.0003952861180512865,0.007835811232941917,0.001999065678143789,0.0006456855164260062,0.0005468502935327115,0.0004529004499210844,0.0021878307906652134,0.0004462229944283811,6.733832144202524e-05,0.0009640172790245012,0.0031076836524000207,0.0007908122600421212,0.5950970216631092,0.003763720553963183,0.0017038909873503304,0.0006651333116081988,0.009899185913260071,0.000451192785996497,0.00030317072890210936,0.0005069512193525028,0.0006425440559269649,0.00025031839759175647,0.0003675860083662624,0.02196552200641439,0.0003827301123056623,0.00035146104147799575,0.15833563942356393,0.0,0.0,0.00032960078312464753,0.0005966712272757879,0.043120096150060544,0.0009760706003374308,0.0,0.09826120024101632,1.2374478969306557e-05,0.007080100863335755,0.0020830966849385837,8.873702697021462e-06,9.10584650498842e-06,0.0005186177382437106,0.005662353705606931,0.0022316826881374797,0.00014277388511924576,0.0018019387471900905,0.004329026332398291,0.0,6.309194362224291e-05,0.00018373270451753804,0.0,0.0011754495776587672,0.00043947354669195425,0.000127047293766214,0.0,0.0003141282942540054,0.0,0.0,0.00039197441740429874
Ward 59500030,0.002386455692554499,0.000245440276765461,0.022540527311570746,0.009348613978452366,0.004104404073270755,0.0005982844837411332,0.00039972245056421244,0.01697929997965364,0.009225937930700449,0.0,0.00031259434485296327,0.0011804059244987588,0.00043204006544307594,0.19792806465798396,0.00022005552168442448,0.0004743955888542445,0.00012162959686756774,0.003298520795109348,0.003948803224061828,0.0004926528798335082,0.00032823283596297427,0.0003233177403062425,0.03713209745113183,5.973875784705827e-05,0.5235388909865705,0.010395158510810843,0.00023510873491144822,0.04510334062602762,0.0,0.0006343345614560845,6.77296632336587e-05,0.0024312050716881997,0.0024886911999629237,0.002289968171731826,0.0,0.04230884251408503,0.0,0.0012747013602189368,0.0010848977706864086,2.3624177290323948e-05,0.012356736291924832,0.006668120276789899,0.0004019474066275607,0.000753854461795003,0.005818925438521071,0.01326340800844766,0.0005558447677667873,0.0,0.0,0.0005445569066298227,0.0,0.002187395398976967,0.0005936603556516304,4.338591025816556e-05,0.0,0.007616041986353117,0.0,0.0,0.005238393879872811
Ward 59500031,0.0015160589670883938,0.0002189575524030146,0.023145690561994534,0.007584509283806491,0.003516555320767679,0.0005526567684351189,0.00037241428039590035,0.017750883108849137,0.009062332519475523,0.0,0.0002277358550210891,0.001130876257765488,0.00039434927787580646,0.16909428025143436,0.00018047712679799809,0.0004349338739181657,0.00010943501589850666,0.0027172116786031777,0.0036403175615052226,0.0004564454721216436,0.00029600623000990297,0.000268558822114,0.03308230337580806,3.687654604572995e-05,0.570929994943316,0.011134626453297805,0.0002173983215223415,0.03777708583402685,0.0,0.0006827148257895515,0.00010440709672905417,0.002373603750961705,0.0030336564119191607,0.0018179110344129052,0.0,0.03753419407325741,6.64972001178898e-06,0.0010737161846970263,0.000985365305764594,1.5659811096628576e-05,0.013259526710310113,0.006271792190355626,0.0003996155871530298,0.0007081592450221436,0.005133910810213564,0.011954668581255629,0.00042497650580864907,0.0,3.4998526377836737e-07,0.0005826579125334039,0.0,0.001905749229470504,0.0005782979484386993,3.2403957486431024e-05,0.0,0.00828042128045157,0.0,0.0,0.006990620581299405
Ward 59500032,0.012150111711055185,0.000285685060993387,0.0203958241074987,0.01703685781930523,0.0004288539656982513,0.0003761673192744202,0.00030381256366693993,0.007247541968818436,0.0013327496934984263,4.016818644807952e-06,0.0011106592949238602,0.005009773618109822,0.00045457306418033796,0.4606789244981956,0.0016201725792515773,0.0011286674216872282,0.00029765630832296285,0.008737336618929776,0.0023352833145385693,0.0003565139876279269,0.00045084293228949324,0.0011195994807403473,0.00025031839759175636,0.00027041259481085984,0.15780176755821532,0.00043278585926084204,0.0004095028452180837,0.1434646897731335,0.0,0.0,4.697846534728769e-05,0.0012840267266433641,0.04341093928122578,0.0010346223638897144,0.0,0.08179904579225675,0.00012938541757755948,0.004944421446292693,0.0022047603514380007,1.1563903091037464e-05,0.00040494715953800104,0.0023976905536732093,0.0038245150352085224,0.0010371700419348044,0.0012528086206898103,0.0020191574269368636,0.00141770619419599,0.0,1.5010392852860122e-05,0.0003236806184140916,0.0,0.002105522079412618,0.0006065368009878128,7.366519553139824e-05,0.0,0.001999021591254905,0.0,0.0,0.0021657233661252417
Ward 59500033,0.0009111843003336794,0.00020610625068524498,0.02357535968277973,0.006527470715443479,0.0037464115474139187,0.0005691309508085011,0.0003712905117621357,0.018918265699620945,0.00929110517907408,0.0,0.0001399689646985062,0.0008702849281828922,0.00035810671077958863,0.14354064415105483,0.000115962387465719,0.00038470300322945557,0.00010042296804714277,0.0023507077673204334,0.003754395275940195,0.00044527228775488695,0.0002815816415846214,0.0001738859236363901,0.038106551213185444,9.664996508802118e-06,0.6000030645557592,0.011003072053887801,0.00020698207127011284,0.03068350791174974,0.0,0.0006750670659582672,0.00012553842912068695,0.0024915397540561496,0.0008353188711062125,0.0019195438622943957,0.0,0.036255260690897906,0.0,0.0008157964482865669,0.0009223387358245355,1.1651317423548315e-05,0.012969564369784543,0.0061213791008577975,0.00031052908116060074,0.0006608283582067036,0.005813281360125825,0.013315348162706228,0.0003068510677412619,0.0,0.0,0.000603831638749173,0.0,0.0018299007538925105,0.000588621435214546,1.129406120623767e-05,0.0,0.008806115123944568,0.0,0.0,0.007965296661464063
Ward 59500034,0.004749328960607385,0.0002904481939598714,0.02189824729325539,0.016523055851168367,0.004351096751410484,0.0006119232675054025,0.00034503592837797827,0.012553947650492885,0.0058117742955426255,0.0,0.0006447718400554686,0.0016371847517160465,0.00044989329508292623,0.285323104848826,0.0004369415546126034,0.0005737714207466435,0.0001493295431746477,0.004541890749757009,0.003607112349544859,0.0005037171226822964,0.0003812576704367627,0.0008071467529244874,0.02376737967177356,0.0001780569794519884,0.4253039367512136,0.005205834288518228,0.00027212359679226105,0.06973076894096251,0.0,0.0003044115910327902,5.122319678369832e-05,0.0020174634373738777,0.00994505134577042,0.0029780733539236425,0.0,0.04637279207985437,1.657430213464697e-05,0.002157860807563058,0.0014854712300946965,4.871724450507606e-05,0.007118449533336955,0.006318743187857336,0.000700192935000349,0.0009098442218261672,0.004108563247706745,0.009443169847994292,0.001175548917554613,0.0,8.723316912972086e-07,0.00041441142757788873,0.0,0.002898549235581486,0.0005880744877349073,0.0001235096106429468,0.0,0.005502229566800052,0.0,0.0,0.004671122539066315
Ward 59500035,0.0005974026227053016,0.00010453282556582788,0.028143285650292896,0.004107488738642084,0.000950323480493186,0.0003753023998361318,0.00028330508256046137,0.0179018546189894,0.005571655486956366,0.0,5.7533764134477264e-05,0.0007662710055231785,0.00026382843197774564,0.09840762934201375,7.425895718346936e-05,0.00022495724528864873,5.8571996026750496e-05,0.0017449459781169933,0.0017132997981103798,0.00019683272039055887,0.00018868365248217588,0.0001985162514862031,0.009469386048580216,1.440749189578581e-06,0.7367045849879731,0.0036394065879676437,0.00015187627542672955,0.021815686941955244,0.0,0.0002092679039384884,0.00031517762660588657,0.0017855268603343163,0.0011142726424376852,0.0006184829758849245,0.0,0.019281746573292978,0.0,0.0006581047961163957,0.0007018461815632386,1.3000520020800836e-06,0.004897810222265873,0.0029959020548284985,0.00036395623158700486,0.0005757644478783033,0.001453404498488708,0.003882924187509604,0.00011099815208634071,0.0,0.0,0.000562074571867624,0.0,0.0010340359823542086,0.0006339310072614415,3.0571471070819752e-06,0.0,0.00954602270067878,0.0,0.0,0.01554153154404211
Ward 59500036,0.0005781744590646977,0.00011214035374924929,0.02829070054460663,0.003998118514419205,0.000983344713134938,0.0003787768963350995,0.0002794507861343607,0.017933905151668074,0.005510206354719233,0.0,6.449539746620472e-05,0.0007294561298086845,0.0002566530496320435,0.09823887380070062,6.850715346714549e-05,0.00021503428411566078,6.070842005370185e-05,0.00174943049697698,0.0017292014580704642,0.0001977662861287534,0.00019855194073651407,0.00018610478745490814,0.010032602443161667,4.502341217433065e-07,0.7366538077152238,0.0033085401662756725,0.00015399428940299467,0.021836948024410587,0.0,0.00018864573443234215,0.000299517884176168,0.0018076681638768766,0.0010601458318240287,0.0006502724223690936,0.0,0.01961912830211555,0.0,0.000668276819770935,0.0007067188274440725,3.2501300052002084e-07,0.004504191720398765,0.002914824020158014,0.0003598441878978514,0.0005835707280112883,0.0015334853073489993,0.003996288580441771,0.00012224816788295462,0.0,0.0,0.0005611855610908406,0.0,0.0010220314794237594,0.0006070181221583854,5.252731420338577e-07,0.0,0.009476191622266244,0.0,0.0,0.015571952379729956
Ward 59500037,0.007868533552939446,0.0003108465005752072,0.022876807066601803,0.020905870016216837,0.0030411419814163577,0.0005329345347479513,0.0003015035280172809,0.008840832548948938,0.004137483112252962,0.0,0.0009616670467580212,0.002506258843958677,0.0005107416731351268,0.35969145834208427,0.0005416913539205389,0.0006961720727412252,0.00017841245610229824,0.006230456754838127,0.0030729361215159727,0.0005072431002429516,0.0004522577860435317,0.0010871354638555756,0.006720398797682578,0.00028844285671760737,0.33766056047716986,0.002807630536626749,0.0002706133922684163,0.09578076810388976,0.0,0.0001507927950131962,1.4180906856648773e-05,0.0016580796024988616,0.018214803024834175,0.002381390824714842,0.0,0.051496902142915725,3.171741452991454e-05,0.0030599738715105427,0.0017669442207403883,5.776808272908122e-05,0.0047777151607048055,0.006125973326204282,0.0012442880751069366,0.001014719284302969,0.001831641034118511,0.004444879323035232,0.0015238316550852972,0.0,1.6693376068376073e-06,0.00034603439058247056,0.0,0.002999338545012735,0.0005613668019176254,0.00016367419703043314,0.0,0.0038210653172332625,0.0,0.0,0.003530452644447201
Ward 59500038,0.024105667401693745,0.0004272629716734996,0.009177981777253678,0.0017005922348452614,0.000833255796703934,0.0006163333694786368,0.00040240173907842133,0.00262720045794473,0.000551407808153439,5.316420238448846e-05,0.0011690598943829252,0.003976360292889904,0.0008265017476053811,0.5171676751210059,0.004226218200944614,0.0015677882175635202,0.0006775911264012205,0.008260333667270954,0.000641848197018337,0.000323662393322722,0.0004251935264350305,0.0008376465112526333,0.0033614184819464434,0.000247334123281917,0.033690369360153516,0.0004254968680412762,0.00030919021271718484,0.14478150396527267,0.0,0.0,6.8704317717298e-05,0.0006673997943506247,0.06345378666364601,0.0014700692655288106,0.0,0.13629439111084277,1.0468309229085091e-05,0.007431340750825035,0.002003074293924053,1.4515674618403357e-05,2.048591331520926e-05,0.0006520790194127311,0.010536602947467204,0.0022496000479879687,0.0006731107922286118,0.0027147331136889137,0.004786553510814719,0.0,2.274845038587419e-05,0.0002878788693261994,0.0,0.0012347310106344278,0.0005544322946310938,0.0003258964131999122,0.0,0.00046573921994638815,0.0,0.0,0.000651198549562598
Ward 59500039,0.014474939284700806,0.0003171711577941847,0.016753343631313204,0.008309658901507621,0.001115260822520517,0.0005106232590243387,0.0003510180180168753,0.007982033045575146,0.002461567644591053,5.340098006230583e-06,0.0007269914104482497,0.003950745244425581,0.0005385903596613665,0.4047787225537687,0.002773595198352374,0.0012225222269862353,0.00033058096903335835,0.007525118985264617,0.0019581271966836174,0.0003603450822998354,0.0004771089839730409,0.0008793560732971373,0.00891014296189704,0.00015419042737181365,0.19651113975955284,0.0026573425757634617,0.0003561750788099737,0.11528829558824084,0.0,0.00014114729350873402,0.00010023829937573984,0.0013522759433633833,0.0619905167452873,0.0013136303316947252,0.0,0.09719969000113844,6.431604195612812e-05,0.0050569926059062485,0.0018730695294000453,7.829498544048801e-06,0.0027637595775861813,0.0023812063923847734,0.005592276499786533,0.0014806030872429481,0.001922443827689954,0.004658706633368261,0.002251759613954577,0.0,1.5525225736468883e-05,0.0004434813068471618,0.0,0.0016912381943704274,0.0005879386910032735,0.00013294121418657744,0.0,0.002626244903125215,0.0,0.0,0.0026721220036623698
Ward 59500040,0.019615121587845383,0.0004270150369682321,0.009133488306852781,0.0007181117712719223,0.0004685917131731681,0.0005011983885166327,0.0003658289348664832,0.0018926353679139792,0.000394560231845635,4.2733802402454545e-05,0.001201364394514841,0.003752173456481187,0.0008084414548709805,0.5491212887604714,0.003649238531622282,0.0016052766569025583,0.0008453179850215724,0.008021719308317653,0.00034278285103991695,0.0002863714514742956,0.0003734474599300733,0.0007986803070125204,0.0002503183975917565,0.00027992610373587314,0.017374113539027534,0.00039530234594847217,0.0002751981747781137,0.15777431514238902,0.0,0.0,8.465784970076457e-05,0.0004707075495597613,0.04931421478546652,0.0011956261172229232,0.0,0.13611825795239416,0.0,0.007684012683373251,0.0018575276292405155,1.3506446858595397e-05,1.2147158435358406e-05,0.0004694208806325414,0.009297742147218678,0.002545535961580427,0.0001835444856759958,0.0018917007744323263,0.00532304535715785,0.0,2.593904251517033e-05,0.00022080533721792882,0.0,0.001045300085284986,0.0005176202215936658,0.0003374189902157501,0.0,0.000246808669219431,0.0,0.0,0.0004298984122169005
Ward 59500041,0.02470313830365441,0.00040990176942311686,0.00838116974910152,0.001151234231634031,0.0007757446551457205,0.000624401823496856,0.0004609792757861069,0.0027864286446836546,0.0007649459510826891,3.404345728894098e-05,0.0010762767046237352,0.004182444828395734,0.0007598959017085116,0.5079027548076364,0.005492859250883154,0.0016457881829272556,0.0006276197535893664,0.007288325380867736,0.0006034468632913989,0.0003294882118034014,0.00042081757482325543,0.0008640915166660809,0.0029859408855588076,0.00020446653154357268,0.038001979429353266,0.0004058126129868548,0.0003423775593011053,0.14416765677854174,0.0,0.0,8.566509448634296e-05,0.0006171576237846964,0.07759827799251272,0.00142893536378798,0.0,0.12849591167273144,1.8117987137383685e-05,0.0070492597763470105,0.0019070978141936762,1.2800641586045114e-05,2.081588510582383e-05,0.0006600988727526785,0.0107865647254304,0.0023900521653757783,0.0005826505317718985,0.0028480809572509554,0.004682075220648849,0.0,2.207049242930348e-05,0.0002691468585554526,0.0,0.0011698382383225658,0.0005050232082217315,0.00026173281015859866,0.0,0.0005213606689216191,0.0,0.0,0.0006732347626884413
Ward 59500042,0.017469100527011776,0.00038912249680664296,0.0077569407526447325,0.0013080548133127205,0.0007728216258931621,0.0005585799593855845,0.00048564086845527066,0.002719894918043338,0.0006745606180439447,4.2586239182688096e-05,0.0012104437003086037,0.0034399798483167325,0.0007684422920690237,0.5757416438891588,0.004350676619501919,0.001519751287460073,0.000732857294467482,0.007942416009485585,0.0005498170486903118,0.0003029040705922691,0.0005367911415824785,0.0005017236131063743,0.002985940885558808,0.00031845997914573644,0.038669514867654374,0.00044974724433577754,0.0003592553947876417,0.14672114596351374,0.0,0.0,0.00014371069215037013,0.0007785583250801268,0.05289669844115027,0.0012019078289781772,0.0,0.09607827179921938,1.3055700286303732e-05,0.006762848532736664,0.0021623963754681796,1.5298924179520054e-05,2.292135613108205e-05,0.0006801620257345061,0.006665454473599592,0.0021167846935271684,0.00048210172481745494,0.0022941411229205123,0.005191795303342041,0.0,2.7893945565648653e-05,0.00020604197514361455,0.0,0.001154829219062727,0.00045201793884797623,0.00017805465105298732,0.0,0.000524553564945537,0.0,0.0,0.0006716874175446714
Ward 59500043,0.021715113149762925,0.0004215439181455247,0.009656701800313874,0.001304575607546487,0.0008314139930832915,0.0006052912569969662,0.00043948844717429106,0.0028608949401752177,0.0007440885559709569,3.807689150914635e-05,0.0008446968667433751,0.003605432862486587,0.0007842424306777832,0.5117764831896475,0.005089793065339733,0.0016304182950629424,0.0005922437033169397,0.007438741214726116,0.0006006236637222026,0.00032395967514390554,0.00044410710990320466,0.0008775371384975719,0.0029859408855588097,0.00018624242171805556,0.03941959129991409,0.00040307201308691125,0.00033793949312812285,0.1416704242629939,0.0,0.0,6.368457716657584e-05,0.000615277652645414,0.06924198941964738,0.001454173856522185,0.0,0.13659790783704417,1.496811976337839e-05,0.007357281971975808,0.0018970840648319257,1.0959800579420431e-05,2.1563036284275457e-05,0.0006750492076242936,0.01007745044224912,0.0024770388926172336,0.0005821977066692258,0.0028036131948239577,0.004919937031152745,0.0,2.141479373918871e-05,0.0002795170981401198,0.0,0.0011777420516050736,0.0005520174742435752,0.0003149842990966645,0.0,0.0005290955162582593,0.0,0.0,0.0006863738029738528
Ward 59500044,0.0227150355678477,0.00040063602212419793,0.0071236172193787205,0.0019386948758773515,0.0004897845862248061,0.0005683856084096348,0.00046930038666799685,0.0021140735304947234,0.0004649278606931687,6.510664081389614e-05,0.0015001148800480018,0.004084120722358968,0.0008048388740558623,0.5473384040038657,0.005349237435466965,0.0016725070587917837,0.0007083408345757475,0.00794997753754182,0.0004998654413559464,0.000324752476275688,0.0004844330066649521,0.0009189073808494745,0.0,0.00029807044391038946,0.01923732214263081,0.0004118989070462955,0.0003393789553714884,0.15545928687127397,0.0,0.0,0.00012717395806561397,0.0005744286115008263,0.06752661914014406,0.0011261802337434847,0.0,0.11516387319393555,1.8117987137383695e-05,0.007440842402219335,0.0020601853694443132,1.7311670985456583e-05,6.098491292748964e-06,0.000499931390723642,0.009582773505522208,0.0024886146050444044,0.00010614060503493254,0.0020904101323876625,0.004591801577802289,0.0,1.9707605597731613e-05,0.00023950529481182127,0.0,0.001117449775969399,0.00046233506932313883,0.00020913562154238247,0.0,0.0002930563377073436,0.0,0.0,0.0005072881494484208
Ward 59500045,0.028384338405425022,0.0004233658426969085,0.007914441723641717,0.0013737550306564853,0.0006247793992273874,0.000670709597117776,0.0004670824139513396,0.0020755710124013035,0.0004278637621312682,5.115318876086907e-05,0.001059993565366982,0.004152132488317506,0.0007990458268876251,0.5339058686893852,0.005525213957728145,0.0016024235436380833,0.0005401827868757033,0.007464824435403919,0.00046383686133036865,0.00033621399556801353,0.0005505571615214008,0.0008172490611905703,0.0,0.00016650583893389865,0.01800723131666287,0.00042551331591370603,0.00035116910701739925,0.13585323288101878,0.0,0.0,0.0001016946775037104,0.0006852161841989693,0.08366779132018425,0.0013160083115083803,0.0,0.1263612584884995,1.4968119763378385e-05,0.0072495919031655065,0.0021549945165424,8.292061334561043e-06,7.662004371232767e-06,0.0004436390315231846,0.0118859624359801,0.002221826331342393,0.00017297381056902497,0.0016559052784205002,0.004534201781802819,0.0,2.2062612798891034e-05,0.00027593323215635725,0.0,0.0011871634555927775,0.0005301603049979482,0.00027091913610500444,0.0,0.00024302509928448272,0.0,0.0,0.0005544946935845517
Ward 59500046,0.022722102462082817,0.00041253176947628005,0.00987672849011865,0.0013871482504152362,0.0008004147627054317,0.0005726051021049485,0.0004186453128179167,0.0029113171987983568,0.0007316685257813118,2.8503015025073574e-05,0.0010184880557227508,0.0037016351392543433,0.0007697819996402444,0.517774077642054,0.004709351452340983,0.0016474801985734888,0.0006267882336190776,0.0072935145773244045,0.0006131453644067755,0.00032487262537059025,0.0004621131271342908,0.000932123624517577,0.002985940885558809,0.00015559980651789901,0.040409504506043616,0.00039773957900805855,0.0003140024328423633,0.1388993710073595,0.0,0.0,9.488085375660392e-05,0.0006504915652313839,0.06443128022954878,0.001434022242488166,0.0,0.13632100260699678,1.6218067134015415e-05,0.007263216736264294,0.001912417437256935,8.686764844460347e-06,2.276788767355889e-05,0.0006679989797605872,0.010174176044168702,0.002458993386027804,0.0006423492985243273,0.002836755482153433,0.004573719251444303,0.0,2.045821235638836e-05,0.0002640570116724744,0.0,0.0011933075988954439,0.0005563888084922538,0.00030659313870612154,0.0,0.0005482220571286505,0.0,0.0,0.0007048011928596989
Ward 59500047,0.016188765796665342,0.00039172195566708023,0.007359376081506446,0.0014861295372303215,0.0005975919809109191,0.0005957556527320072,0.0005329602165646906,0.0023512532406734284,0.0005648164727906606,7.455249073228665e-05,0.0010873433190585623,0.003445989261380695,0.0007795634859195198,0.5454946343709706,0.006665316496129746,0.0017354693911508176,0.0006405649392510813,0.008180997759907011,0.0004585034879364765,0.0003086019627165728,0.00048156929316295116,0.0007585030595701971,0.0002503183975917564,0.0002978617729914671,0.020603054847710422,0.0003904556037760553,0.00040684935303861324,0.15955120259291017,0.0,0.0,7.549260998825696e-05,0.00046406946950843734,0.07438358435736848,0.0011267526007475203,0.0,0.1123842449326414,2.730510031156583e-05,0.007479897491236184,0.0019822505026792243,1.5574713004906866e-05,6.3310439372661535e-06,0.0004853811172661454,0.0075873519838533686,0.0025984839616921655,9.112322948250863e-05,0.0020884504543212524,0.004735878523550246,0.0,2.4880674478420637e-05,0.0002344509665115122,0.0,0.0010617873904469912,0.00047299254311354956,0.00020506738109712778,0.0,0.00032324536351096325,0.0,0.0,0.0004656807686065957
Ward 59500048,0.0017385690969718688,0.00023584169710084543,0.021327787435810392,0.00882362711060138,0.0046423719719914935,0.0006133818609518174,0.00039999511954346974,0.01748854573290365,0.009192605790649117,0.0,0.0002870667097228847,0.0011397320073770732,0.0004119842754894638,0.1898869593796566,0.00019471494136365661,0.00046889466217922007,0.00011750401149411793,0.0030469049770488147,0.004136598972911408,0.0005026779922470502,0.0003188403029019192,0.00029765817000961404,0.04055907551339991,4.702263688149086e-05,0.526485433537092,0.011200300795628913,0.00022795581037517802,0.04212798881954603,0.0,0.0006856935836071056,6.988325510065814e-05,0.0025258257325621435,0.004110151199224536,0.002599963695838793,0.0,0.04255916570438891,9.449602122015918e-06,0.0011516531470587158,0.0010986825540030332,2.0850733019219767e-05,0.013312165266586396,0.006847904793447664,0.00039254022428994727,0.000718415444246609,0.006273984585697167,0.014343088996731113,0.000566932884230982,0.0,4.973474801061009e-07,0.0005561759138640718,0.0,0.0023125047925889562,0.0006006119708615596,3.779308911803781e-05,0.0,0.007831721655217764,0.0,0.0,0.0054543044968653615
Ward 59500049,0.0008515597891325462,0.00021108515683957056,0.021016197623236355,0.006547779704743874,0.0045226378875358065,0.0006149440288770537,0.0004028602051303908,0.01908076626923324,0.010133146037588144,0.0,0.00016381595684905278,0.0009136128509051564,0.0003888754060624763,0.15350762262678586,0.00012715389130398563,0.00043899014398573696,0.00010291894576907548,0.0024653422062346345,0.004228108177781517,0.0005040301451368851,0.00028289589531821043,0.00016737775155400674,0.04454926997024944,8.539197022965374e-06,0.5698215424802927,0.013093742849474121,0.00020857336856766547,0.031746138169032115,0.0,0.0008064597459545705,9.815613637324951e-05,0.00266688306546907,0.002333690106672277,0.002316720482450742,0.0,0.03927594625478755,0.0,0.0008447970323968968,0.0009801218720184002,1.2496351224900365e-05,0.01542397248557018,0.006993468777432237,0.0002925785116002718,0.0006459021970840104,0.006768170646983627,0.015555093609924988,0.00035207367594282087,0.0,0.0,0.0006172164633859161,0.0,0.002089397600456012,0.0006182996635709878,1.6580736882913755e-05,0.0,0.008757662792271585,0.0,0.0,0.0064347850569040285
Ward 59500050,0.0008474299787197136,0.00020539541953510266,0.021308796172462428,0.005967068839006872,0.004376529849560301,0.0006082766814990904,0.00040491154806398947,0.019396242159405813,0.010290663898040122,0.0,0.00013640942936859422,0.0009093374853149466,0.00038683659863811217,0.14664646143558155,0.00011912329890748664,0.0004262110093194071,9.933722669254265e-05,0.0023823842392151906,0.00417217023177619,0.0004938351424215187,0.00027835713647957815,0.0001429902621167633,0.04440325090498759,6.673941375743106e-06,0.5801706714511958,0.013235124623164857,0.00020537618748296818,0.030149448420007354,0.0,0.0008156251546239687,0.00010990948502207581,0.0026597754761690487,0.0012612350654986418,0.0022003209143268867,0.0,0.038644270289566594,0.0,0.000794591959501718,0.0009476138862101508,1.0026252420948212e-05,0.015516422961014686,0.006901384596518984,0.0002815993857042869,0.0006321432750261546,0.0067250238661663376,0.015458051960949317,0.00029623316376050485,0.0,0.0,0.0006161733466717128,0.0,0.001990940359450685,0.0006319735331144516,1.1246550164921496e-05,0.0,0.008966383264611535,0.0,0.0,0.00675974168316672
Ward 59500051,0.0008523994765732921,0.0002061007153347165,0.021287688609255184,0.006207165217028481,0.004469381491117103,0.0006067265062181101,0.00040624866355711497,0.019277660546455043,0.010239292185609315,0.0,0.00013607731390357543,0.0009056346365722458,0.00038689885034290676,0.14875716858337001,0.00012074536642866548,0.00042828408216565765,0.00010031072206383745,0.002395680321305912,0.004208570104527109,0.0004939101613332703,0.0002763622135444318,0.00014704513091298211,0.044590989703181406,6.673941375743105e-06,0.5767894892277348,0.013248558467017368,0.0002072994979674532,0.03062100459955448,0.0,0.0008165416954909085,0.00010027920650250202,0.002660213732102027,0.0012529415887384424,0.002274287696795005,0.0,0.03907218752124363,0.0,0.0008001183007486585,0.0009573450842017857,1.132630442302829e-05,0.01553993211416423,0.006919321201007098,0.0002809762284094443,0.0006359044693865505,0.006765700128050142,0.015519909844736437,0.0003036150916523999,0.0,0.0,0.000611983826012369,0.0,0.0020395696595137103,0.0006201428354151977,1.1246550164921494e-05,0.0,0.008878124072942856,0.0,0.0,0.006554966513848367
Ward 59500052,0.0012282592629896533,0.00022584963850829514,0.021703792531822995,0.00722369655683075,0.004385004190241175,0.0006216013376669942,0.00039895977982763893,0.0187163185692455,0.01017441518937745,0.0,0.00017847964390861913,0.00111739466216494,0.00040282436668727986,0.16714619280594192,0.00015896579223793572,0.0004513638511275034,0.00011116977427060261,0.002651679260829803,0.004201731554591254,0.0005046757437160596,0.0003050730005194438,0.00022208090250419552,0.04256460267505767,2.880930073936185e-05,0.5509650275583149,0.012899503241544473,0.0002224078736479625,0.03635768533407733,0.0,0.0007942828458652269,8.820486415893625e-05,0.0025900337598549206,0.003309979835451101,0.0022514341574890856,0.0,0.04117782121913577,1.006207633362806e-05,0.0009796178407094791,0.0010166081798289718,1.4189514189514191e-05,0.01514234954173327,0.007065462008706298,0.0003629378259789475,0.0006808143910409465,0.006524078798870073,0.014965018192550947,0.0004056814971251125,0.0,5.295829649277926e-07,0.0006048823785593216,0.0,0.002093458325172172,0.0006135788793443607,2.428700270352496e-05,0.0,0.00842637200278045,0.0,0.0,0.005690750881061612
Ward 59500053,0.022192120848126835,0.00040278646068021287,0.007510744311217919,0.0009656793758092088,0.0005411266856586694,0.0005846514093457221,0.0005047467764679301,0.0021003139280905705,0.0005112905880797607,4.3269358030306576e-05,0.0011951868408467223,0.004058428838138607,0.0007680262635547037,0.54762869441288,0.005511221177421659,0.0017429762031133363,0.0006693652566145607,0.008128980006419964,0.00045172180412041645,0.00030737338563891555,0.0005228518549441522,0.0008342078844685263,0.00025031839759175636,0.0003107285880675404,0.019103290717324195,0.00043106274025208615,0.0003528071810363447,0.15388745856257033,0.0,0.0,0.00015635412931384226,0.0005956455066148213,0.07272406036960641,0.001169874538363756,0.0,0.11219165305955264,2.205532135489032e-05,0.007266578995056625,0.0020718638243971163,1.4835617190882643e-05,6.1622808795129115e-06,0.0005308182730229774,0.009280856100508687,0.0025606838204574214,9.437423952623153e-05,0.0019964993500032426,0.005034716561016954,0.0,2.0896940992741922e-05,0.00022910754101138507,0.0,0.0011133415442372634,0.0004720762991104738,0.00016792762228119416,0.0,0.00027157089465761037,0.0,0.0,0.0004966173143325479
Ward 59500054,0.012384974002583635,0.00030347031358147656,0.015847066607466268,0.012044257634477008,0.000844580890155434,0.0005057187865102041,0.0003944363643483556,0.00640072657864268,0.001194031368484337,1.8226158703822566e-05,0.0011160398828601883,0.004437030538475641,0.0005794536030845154,0.48664878787771354,0.0032954081656781198,0.0013295463285017159,0.0003789784535892736,0.008235538055701172,0.001948503015019131,0.0003404961097413901,0.000570889633211203,0.0010588147091062465,0.003361418481946442,0.0002715369602830633,0.11663386098966409,0.00041775377049474465,0.00039142036443646464,0.14112324159094572,0.0,0.0,0.00010667645233975583,0.0011316885234068535,0.05849422362643868,0.0011973893299644504,0.0,0.08855650813205586,0.0001339131115531977,0.005662389394947746,0.0022034109009707093,1.152600700903875e-05,0.00021974465621203958,0.0018955253893367429,0.004348277702484988,0.0015591271649703434,0.0011686029557672268,0.002982120670598344,0.0023779238038591113,0.0,2.2124206407055134e-05,0.00034374629065718086,0.0,0.0018637876191213124,0.0005993816856016466,8.332508451706348e-05,0.0,0.0014246221780530523,0.0,0.0,0.001537757878321481
Ward 59500055,0.025948872268981713,0.00042387473554541876,0.008107021758125735,0.0009130417337113136,0.0005694895184849534,0.0006071969368067106,0.0004079394113065928,0.001881922116737604,0.0003782734737988147,3.9115619952237754e-05,0.000973872567968928,0.003979287572008769,0.0007912324830470569,0.5414007834389859,0.004393965263863511,0.0015994163830419417,0.000662150675613704,0.00857231001820951,0.0003557161162842975,0.0003209123090892036,0.00044682123669414873,0.0006965471792348349,0.0,0.0002486648603633867,0.015875764737076026,0.0004116952748953855,0.00031995771024581496,0.14615169508992484,0.0,0.0,0.00014945605139756615,0.000555433339144226,0.07172904790220706,0.0012398151681670842,0.0,0.1281281913102227,4.499810534293295e-06,0.007236182927270871,0.001985193850181826,8.719712718588898e-06,9.88962894012284e-06,0.00045036201553122664,0.010517755021880832,0.0021967763839439163,0.00018135804275034106,0.0016074349540699268,0.0046627898344905735,0.0,3.482256616296793e-05,0.0002331633567829395,0.0,0.0011360294731842088,0.0005082094274219846,0.00029331169778181766,0.0,0.0002184840169072944,0.0,0.0,0.00043553301830953086
Ward 59500056,0.014750492255777618,0.0003905135289758975,0.008476088564221574,0.0023068794884016515,0.0008044466578529505,0.0005792897615579611,0.0004503720577319036,0.0028480259961162573,0.0006821678990360512,6.714123408294878e-05,0.001400018453148452,0.0032602333441850147,0.0007763764256209618,0.5661908751418455,0.004110320002382456,0.001605609976490889,0.0006745921198685744,0.008080709501199986,0.0006442968364772082,0.0003197654440773268,0.0005485548238324181,0.000711681502521258,0.0027356224879670522,0.0002732435719672123,0.041699997159715924,0.0004260182027839446,0.0003358107945219506,0.15091464375000768,0.0,0.0,0.00012822677009889644,0.0007975111011716833,0.04660412424411644,0.0012914221227463016,0.0,0.10526776505922449,1.1368271335943751e-05,0.007140940442910564,0.002139477875051832,1.560090892353562e-05,2.0161155672173136e-05,0.0007284157073649375,0.006472812450496429,0.002210006543433255,0.0005233839039064632,0.0025101307112705205,0.004619848698950836,0.0,2.5821352106797084e-05,0.00022757679277178648,0.0,0.0012327419802846441,0.00048203063700710846,0.00020430985814362,0.0,0.0005764331744463894,0.0,0.0,0.0007061032561965512
Ward 59500057,0.020930130351557323,0.0003658221351827354,0.006202434810237751,0.00163017991887538,0.0009591746858227508,0.0006840462749895833,0.0005404280467138015,0.002615821195879859,0.0007003318077285892,6.29766695070643e-05,0.001094158461458977,0.0025828993619145912,0.0007983721483159492,0.5975734356841012,0.00477029218338899,0.0015906925043450027,0.0005553976974790526,0.009514600526005522,0.0005457148094019849,0.0003551613653537502,0.0006510114716093161,0.0004714149500192228,0.002735622487967052,0.00031003716179356974,0.03544614111941525,0.0004676752441135515,0.00041640159989847226,0.1373482031200475,0.0,0.0,0.0002981751418501141,0.0009590031942895089,0.05879724108422925,0.0012492442580486487,0.0,0.07903917078632892,1.3618176603090393e-05,0.006587507285717739,0.0024088649701551014,9.153968316417047e-06,1.769572440846841e-05,0.0006645768202457571,0.006160479299696346,0.0019245796906705904,0.00045813854811030836,0.002207692765233181,0.004022289790469054,0.0,4.635718158021313e-05,0.00020121900762759193,0.0,0.001319686934928862,0.00043165801970503775,0.00011587235543546328,0.0,0.0005062594273557657,0.0,0.0,0.0006429377758710742
Ward 59500058,0.0035217015185922693,0.0002616726072094588,0.02199253805664149,0.010546108767461683,0.0036506136136643243,0.0005833298754398018,0.00036435624513968956,0.014979099621297034,0.007415436839801004,0.0,0.0005015033053114061,0.0016683640508713187,0.0004503554997175488,0.24355164124560663,0.00031532714004163455,0.0005675503102597025,0.0001405549798884751,0.004172521454353125,0.003473069230450908,0.0004743049174437585,0.0004130180424875031,0.00048235307858810936,0.02792097641593995,0.00012166188345292724,0.4686752734080571,0.007664949599492109,0.0002454926990978956,0.057956716909208235,0.0,0.0004592097886657952,5.643600626707797e-05,0.002213359774589085,0.017415942475817313,0.0022190121213569412,0.0,0.04438054840715449,3.9373342175066334e-05,0.0017926014235412047,0.0012221278987605772,2.7865854893936036e-05,0.009357584136886667,0.006134396696851523,0.0006910517635258735,0.0008267561042180126,0.0044960543523201064,0.010535450713023094,0.0009103759182855115,0.0,2.0722811671087544e-06,0.0005494928320994105,0.0,0.002211537128004039,0.0005656424365472142,6.893967965167135e-05,0.0,0.006499545073827475,0.0,0.0,0.00521413247485596
Ward 59500059,0.007882547780934723,0.00025699688527783146,0.020354215842835935,0.016805958356727563,0.0008212622602125041,0.00040882371584098203,0.0003187367205201011,0.008140636997102635,0.001584592627886459,4.586497732898078e-06,0.0011142393272811598,0.004883807928533044,0.0004542323415501314,0.4595169979604978,0.0014813769753751558,0.0011053297610807927,0.00032541708359362295,0.008130485377530713,0.002562373816467745,0.000327399424585558,0.00048272029186749655,0.0010886199005674389,0.0032988388825485027,0.0002831553222026974,0.16403809844701525,0.0006183333590955179,0.00035827854962550143,0.1413454043967988,0.0,1.1456760836747894e-05,5.6154233378135784e-05,0.0013686329788047946,0.04318007218973444,0.0011620854332461438,0.0,0.07907855608534824,0.0001692524889640273,0.004739525297525201,0.0022121240488068164,7.647695480011741e-06,0.0005448765774016222,0.0025745972206896446,0.0027395523607015386,0.0010763981433749292,0.0015500176988470908,0.0028950328473668963,0.001388511841672069,0.0,1.5554966637075556e-05,0.000387073327022068,0.0,0.002146852541621736,0.0006346806502469509,5.9635558476410436e-05,0.0,0.0019874526495162275,0.0,0.0,0.0020207895730124416
Ward 59500060,0.007323287676134295,0.0002886496498384185,0.020110365865829795,0.015424592169047246,0.0014595596773323938,0.0004969394339373323,0.000270856397714985,0.010368773670922227,0.0019312239245959035,0.0,0.0010012417986978398,0.003748920477166931,0.0004519082596680914,0.4175208311769713,0.0008955093415866555,0.0011081425957055612,0.00024947367857701164,0.007748105371785671,0.0024310892048494933,0.00041272030560052074,0.0005765229144680132,0.0009744600688495459,0.004884730548676363,0.0003148900781950886,0.22232014132829525,0.0005094693576758818,0.00036984252113740607,0.11795468986983793,0.0,0.0,1.4324586318684454e-05,0.0016360948056605615,0.06519834315502653,0.00138641868258688,0.0,0.06115859880688768,0.0002698823865310933,0.003947458821861782,0.0019298547857666884,2.207752812276993e-05,0.0007854269142610433,0.003773387327535004,0.0019334243447145102,0.0009409719866501071,0.0014163721460427581,0.0038861883096985533,0.0014015920173230014,0.0,1.538506847792997e-05,0.0006480479657644902,0.0,0.0021104324344232224,0.000579052580272371,7.077459109812449e-05,0.0,0.0025602329119799243,0.0,0.0,0.003168720479899084
Ward 59500061,0.00615085297397598,0.0003001222279732889,0.02097850725582581,0.014837274866215772,0.0030045597445984584,0.0005348786716972057,0.00031188499042211055,0.011077290653639538,0.004984960355533803,9.58148091369002e-07,0.0007583687522268664,0.0026365552130268267,0.00045482299484200924,0.32976328677114014,0.0004961134993807094,0.0007424960010674899,0.00019256032809081145,0.006114947560097272,0.0031253663867724913,0.0004951050947031252,0.0004734633465966084,0.0008058328314693188,0.015404063209377553,0.00020431837435587016,0.35337803515425587,0.004729454919032097,0.0003019369257870929,0.08688940649607145,0.0,0.00027096876059028315,3.095831039527316e-05,0.0019225123089654308,0.03079065243942762,0.002164620186203916,0.0,0.05306654990521834,3.924209770114944e-05,0.002896371992611922,0.0016802999612548803,3.378934580182631e-05,0.006339703336224121,0.005790497590615281,0.001313979105652577,0.000914168272688817,0.0029092361854297756,0.007038163448128048,0.0013194071288554709,0.0,2.7823940870491085e-06,0.0005028397916812547,0.0,0.002547428027541237,0.0005498526708844447,0.00010744683636379898,0.0,0.0045861336839985905,0.0,0.0,0.004034972473412077
Ward 59500062,0.007594901441112379,0.00027285390648528396,0.01972207605276991,0.01600746128085126,0.0007555398809292839,0.00038816812496534643,0.00030195912568604195,0.007909254993562449,0.0015165145293607881,2.4553683300071743e-06,0.0010520109741804912,0.004782739940958802,0.00040103892772460145,0.4457522107630787,0.0011517714036719765,0.0010814457596356338,0.00029554695499310434,0.009070706283189067,0.0024812455419943535,0.0003241580234832387,0.0004582956474417282,0.0009857761715887218,0.0033614184819464434,0.0002371152543659833,0.17192082275827197,0.000530313535808092,0.00037521960442513206,0.1381815104195245,0.0,0.0,4.0526383134932944e-05,0.0015619228588829512,0.0558476475154502,0.001209034602929579,0.0,0.07783136244015379,0.00013829129259334828,0.004478630972720424,0.0022367101784715317,7.60781703632058e-06,0.0002077809684036035,0.00253524955301232,0.002914349888104979,0.000960119622331029,0.001501874608052521,0.0029156771096687495,0.0011438834316094726,0.0,1.2514639021344052e-05,0.00046432333941012386,0.0,0.002108006786639128,0.0005784812494223545,5.089054130715369e-05,0.0,0.002032937815895963,0.0,0.0,0.0023076452354130303
Ward 59500063,0.0006055884280144161,0.00012531773843715195,0.027862789894123302,0.004047343031007975,0.001291063045169431,0.0004152392270958822,0.0002791141366878989,0.018243058695947317,0.006099702287736499,0.0,7.677450266910334e-05,0.0007717738470014819,0.0002594194180244309,0.10317283282989348,7.1083662934337e-05,0.00024276595659508774,6.484673027985522e-05,0.001874326902074099,0.001893720849764806,0.00023061796861142963,0.00021547193730895922,0.00016750337888259107,0.01242254714397819,4.502341217433063e-07,0.7206916862293873,0.004453386181818957,0.00016976890707253117,0.02267230411051012,0.0,0.00026108519652297946,0.0003058839268599441,0.001858537144304243,0.0022319085521469986,0.0007979203862438203,0.0,0.021429303354556475,0.0,0.0007013754648058584,0.0007180985858484432,3.250130005200207e-07,0.005774111115998902,0.0033592470990127504,0.000393476642556722,0.0005862264644479621,0.0018935102711799979,0.004846114174811692,0.00016847911872879052,0.0,0.0,0.0005928968811440273,0.0,0.001089529586712342,0.0006322433265341546,1.5083253224435933e-06,0.0,0.0094249545889723,0.0,0.0,0.014512767505140156
Ward 59500064,0.001005866215417648,0.0002107188743809293,0.024314195530705414,0.006790013458685766,0.003608012139870141,0.0005661470677413039,0.000366706392852926,0.018510422187164168,0.008899040956781209,0.0,0.00015156833937071982,0.0009469909611757942,0.00036255296076533554,0.15041807234222543,0.00012330415827666353,0.00036680878092365093,0.00010485351929282603,0.0024424170645993303,0.0036123122986547306,0.00042941675391751133,0.00029499066555154255,0.00017850542773819344,0.035794086016385424,1.2721566520292184e-05,0.5969266271596607,0.009538657289359239,0.00021078899657137344,0.03269081431930169,0.0,0.0005815798975304045,0.00011961328072942966,0.0024424658499938956,0.0017385384903455389,0.0019317379813714834,0.0,0.03655978587057766,0.0,0.0008754434736499174,0.0009228274948565818,1.165131742354832e-05,0.011353707504129402,0.005901260822833462,0.0003405071620048589,0.0006886539307218713,0.005478269663938859,0.012532074759970676,0.0003551509566946864,0.0,0.0,0.0005975804539495281,0.0,0.0018259604011170358,0.0005701031905050766,1.5048000986432169e-05,0.0,0.00844636055895834,0.0,0.0,0.007835067493821577
Ward 59500065,0.0009103060884573781,0.00022142864365603504,0.02297953131698469,0.0058470307448931485,0.003922076904299716,0.0006132558487716846,0.00038923643896342675,0.0191607763908025,0.01055834553311051,0.0,0.00015026863653147096,0.0009492475740983675,0.00038527810077865654,0.14941642764851784,0.00011795754372902544,0.0004038837655609257,0.00010247023422955905,0.002399517735679251,0.00384284065461654,0.00047287805959814915,0.0003000556542458119,0.0001244094450758294,0.038225750450133905,8.227595330133153e-06,0.5884332476159693,0.012422073136301693,0.00021913484408441202,0.03151958591147425,0.0,0.0007649535381231526,0.00012003253267194384,0.0024734598594396673,0.0008485662313942795,0.0019953844745035213,0.0,0.037532563855619636,0.0,0.0008360584735005115,0.0009135541164153848,8.246419322862385e-06,0.014502843448781262,0.006731540228774215,0.0002995747414222981,0.0006599359852973984,0.005833973521016654,0.013463438081692302,0.0003052408461904137,0.0,0.0,0.0006342144151921176,0.0,0.0018447689364682615,0.000625963015326136,1.0147166995759646e-05,0.0,0.00882603414813624,0.0,0.0,0.006674263447822005
Ward 59500066,0.0006224375686473727,0.00011576437670495485,0.027572228882038877,0.004165051881166802,0.0011740093234865298,0.0003985699060203722,0.0002835016464431536,0.018073960233895507,0.005788511948072948,0.0,7.786681463002071e-05,0.0007211834131743434,0.0002598466259902681,0.10036547036206751,6.965634734687782e-05,0.00022815002518907843,6.088197883270496e-05,0.0018029893187555212,0.0018669292328962485,0.00021874411167183117,0.00020313724833269907,0.00019748216898979933,0.012246728269479222,1.8876353004122728e-06,0.7279381326217279,0.003811948099428256,0.00015454144225735615,0.0221770602462018,0.0,0.00022026639434176635,0.0002970105101076586,0.0018704490967856012,0.0010875128875350386,0.0007317693019649525,0.0,0.020497633354640356,0.0,0.0006880236548630609,0.0007353996118832477,1.191714335240076e-06,0.005102286943930739,0.003190926818691845,0.0003688235381833697,0.0005779014955195859,0.0018689891619880102,0.004740403014023988,0.00014657069307623516,0.0,0.0,0.0005609105771846967,0.0,0.0010776043120952557,0.0006191818805756587,2.655219532921619e-06,0.0,0.009572298201852252,0.0,0.0,0.015445519888140148
Ward 59500067,0.011886601880818897,0.0003941947062863639,0.00823447340912791,0.0014201451391387594,0.000702585814512075,0.0004884095866678409,0.0003829912298864399,0.0024866782319344456,0.0005358011813608658,6.378395749921708e-05,0.0016311948567102135,0.0028726167109885026,0.0008027848519020658,0.602816035181697,0.002298818219468842,0.0015723877983275655,0.0008705612393825756,0.008888989837381995,0.00046003763339763485,0.0003004165863877185,0.0005069674869216359,0.0005255921350700602,0.0027356224879670522,0.00033739897049494996,0.036106736036458045,0.0004301612601280158,0.0002836250744039233,0.15980634786348402,0.0,0.0,0.00020505528193098517,0.0007737409758213871,0.02038658794928737,0.0011807879363415488,0.0,0.09988018819968034,0.0,0.007233486608669462,0.002101935467856382,1.6998864957074368e-05,2.5242274047291204e-05,0.0006982567368083893,0.004495698790351201,0.002157064635800672,0.0005103194962444895,0.002239475839910711,0.0050835631984619874,0.0,3.397757485668651e-05,0.0001872679548021405,0.0,0.00118431787010906,0.00044848940501267595,0.00021718223027594657,0.0,0.0005008262199781966,0.0,0.0,0.0005975771209913403
Ward 59500068,0.004052850196571653,0.00027051684531853663,0.022001450113908968,0.015255855065860977,0.00419534534959969,0.0005993240048126921,0.00034021645535571717,0.013593601575929752,0.005929214726256423,0.0,0.000551714088418494,0.001540620537009521,0.0004327045228755078,0.2623247387415008,0.0003938778007732038,0.0005522979882878842,0.0001404050365398375,0.004154420451109418,0.0035803597933939378,0.0004845352509736861,0.00036228021579077916,0.0007384086596367986,0.024813352975996246,0.0001631485183329958,0.454498083191314,0.005878965893335084,0.00025005294401930734,0.06377952260305801,0.0,0.000347292610164618,8.041912778420003e-05,0.0020755221341804083,0.01065581253063929,0.002774201169426645,0.0,0.04400822843256396,3.363608374384237e-05,0.0019354827531141716,0.0013968410763702302,4.4001976529277655e-05,0.007851342456707835,0.006174200851288236,0.0006358464338753856,0.0008768012975026568,0.0041634115253874745,0.00969409145664158,0.0010546255101083531,0.0,1.770320197044335e-06,0.0004461899123081082,0.0,0.002743992650653246,0.0006112399379911202,0.00010932288262096168,0.0,0.005956530029742313,0.0,0.0,0.005451333294479026
Ward 59500069,0.005533755136428959,0.00030763635133839937,0.021764862022354798,0.01808758752751456,0.004502508121644899,0.000608562149352295,0.0003457583523256479,0.011187305882342369,0.005212441058071629,0.0,0.0007779290528259646,0.0017104156809670482,0.0004706483205061629,0.31366084767895686,0.0005097417987423323,0.0006002485899535193,0.0001548887103235097,0.004894663702301111,0.0034467173106923596,0.0005070402375908651,0.0003969529238471058,0.0009077773433053477,0.01884743116672606,0.00020508149519483332,0.39842686830668805,0.004107687376916319,0.0002993192919066059,0.07679257303990457,0.0,0.00023475448514536292,2.8289397805442836e-05,0.0018545491984563042,0.008864983902330753,0.0032606583581262336,0.0,0.047513288934179776,1.657430213464697e-05,0.00240121665437799,0.0015584739795532492,5.543314806185328e-05,0.005996755627731197,0.006269634130779886,0.0007582700848195994,0.0009559892176537871,0.0034460302365047295,0.008012872524403959,0.0013598635583783598,0.0,8.723316912972087e-07,0.00036182858498638726,0.0,0.003087226005122439,0.0005708830768986436,0.0001439901097350386,0.0,0.004935209843142724,0.0,0.0,0.004045103679258297
Ward 59500070,0.0007658822204277515,0.00019849070163935372,0.02163374614748757,0.0061951645938370355,0.004186539448379251,0.0005929743179399952,0.00039554716101258055,0.019575279162981945,0.009883399977811529,0.0,0.00011652490755753958,0.0008815643012954501,0.0003763372426952639,0.140339441462681,0.00011583183326033403,0.00041881402933850736,9.883353972109115e-05,0.0023217743591537722,0.004192145327333074,0.0004898632150076201,0.00026814133340572903,0.00015730250374225568,0.04563398302648038,4.949059961340344e-06,0.5874732043184188,0.012862716230749987,0.00019712703165737148,0.02901863964916312,0.0,0.0007917950920835333,0.00011675148205898302,0.002722641269899243,0.0011912377207830833,0.0020286996967542915,0.0,0.03790714249060004,0.0,0.0007737540954063347,0.0009344039731768872,1.0892953755668264e-05,0.015157823266779526,0.006706039086730841,0.00028057030290206785,0.0006345235087568056,0.006897521173462314,0.015812466514490826,0.00026839986583239114,0.0,0.0,0.000614903378852416,0.0,0.0019339906375460622,0.0006180139971023916,1.2393444375399521e-05,0.0,0.008991037825579317,0.0,0.0,0.007200781119931775
Ward 59500071,0.0038833439246654103,0.00028294291485459454,0.021846088745138274,0.015463859901340212,0.004414794507601613,0.0006167429759930938,0.0003573230311614992,0.01384492982707885,0.00720828424714228,0.0,0.0005405575870049365,0.0015008262257471374,0.0004366910427663409,0.260821787276075,0.00038118315310857215,0.000566940612937327,0.00014604273108848292,0.004051183580155809,0.003847082019358332,0.0005093368069029161,0.0003707482075191995,0.0006892992938387034,0.028068982135150942,0.00013740794125863699,0.4471313269936049,0.0074924265893369455,0.0002694766294901751,0.06362375443833448,0.0,0.0004502397896833956,3.1000931113269076e-05,0.0021324034263924133,0.007938703949526409,0.0028280503076041036,0.0,0.04615205741497065,1.7886746873815843e-05,0.0019038799325971668,0.0013891900865256196,4.695907894035823e-05,0.009513071618929312,0.006644056011760226,0.0006090722231976008,0.0008758365264888134,0.004722850629038179,0.010740090290642665,0.0010025492414761847,0.0,9.414077302008336e-07,0.00045781662444353,0.0,0.0027707204259300932,0.0005677186379506427,9.39258886994264e-05,0.0,0.006149547058899027,0.0,0.0,0.004458068411932014
Ward 59500072,0.008133104276357318,0.0002466170345999257,0.02150322241615829,0.019754424925443742,0.0006576921379200859,0.0004017349838112284,0.0002939802270178426,0.00866932419162692,0.0015874241170394528,3.969093988145639e-07,0.0010822862028850306,0.0052517307232196695,0.0004145659993177034,0.4430081020042933,0.0012250706734108008,0.001050972506902522,0.0002718492436073412,0.008324430918721959,0.0027776968880577273,0.0003281080694442269,0.0004784080994449033,0.001146366933867971,0.0011890123885608427,0.0003123360844909374,0.1740849258536502,0.00065015854800458,0.00036793285837376314,0.1428679430096035,0.0,1.1456760836747898e-05,2.946860857775702e-05,0.0014511686192721905,0.05165554981134491,0.001008046116806522,0.0,0.07360688595170477,0.0002074508806106949,0.004407414100447437,0.002288523548112635,9.629040266022732e-06,0.0006430270456654684,0.0029214029484887077,0.002664046380625538,0.000921322781904929,0.001158189181846438,0.0023653408443842536,0.001036222290343966,0.0,1.4630678392874728e-05,0.00043339470082176404,0.0,0.002220484699323856,0.000652335406518333,4.804515047658792e-05,0.0,0.002034591189013586,0.0,0.0,0.002131555038983439
Ward 59500073,0.00082400583032828,0.00020499107195839168,0.02163906555191419,0.006367994881581924,0.0041870979801224145,0.0005943749565890854,0.0003882366551043313,0.01923132029697975,0.009640708504348337,0.0,0.000158232131146769,0.0008802321612971846,0.00037494839228695265,0.14609877192548318,0.00012327295760288868,0.0004244462023248897,0.0001011913689980862,0.002413312186495243,0.004113271969683701,0.0004911793616955907,0.0002788919265979133,0.0001713435397698874,0.04392347397627005,8.539197022965374e-06,0.5830470441617405,0.012412586756014645,0.00020136787989717038,0.03046336490240513,0.0,0.0007633823252083985,0.00011448553417202447,0.0026782356919177385,0.0022809157713344283,0.0020809277000637012,0.0,0.037754585968574665,0.0,0.0008316534512443377,0.0009505999138622996,1.1196299222820283e-05,0.014686999459681526,0.006643470213996111,0.0002946005354584252,0.0006467367441990736,0.006649296264059563,0.015297542321511698,0.0003303844636082027,0.0,0.0,0.0006187883169632324,0.0,0.001965066467286848,0.0006094819164724247,1.6580736882913755e-05,0.0,0.008821581706868033,0.0,0.0,0.007190221471751899
Ward 59500074,0.019340883013849106,0.0003900234051120186,0.007205803308631219,0.00207815280569283,0.0008239795278230942,0.0006034349277990406,0.0004629061426035074,0.002711667770938148,0.0006750809726379907,8.49034532794414e-05,0.0012490609836360688,0.0030053286774302666,0.0008983742823396579,0.5764805415865369,0.004259650180074287,0.0015753224634726896,0.0006535496973916969,0.009887226800086269,0.0005698748421658076,0.0003312308730992222,0.0005197916493696898,0.000502152091613893,0.0027356224879670522,0.00033620081302528223,0.0389531801816843,0.0004417547186737265,0.0003858282609908234,0.14825779676327233,0.0,0.0,0.0002565322381030633,0.000805364564579958,0.0488329298855002,0.0012209202802710777,0.0,0.09419650327597198,1.3618176603090396e-05,0.007242737804078239,0.0022360223249132945,1.8489282688550376e-05,2.389059006647395e-05,0.0006965819294847234,0.0065510503922339616,0.002036820387271801,0.0005168798918256454,0.002290494267553358,0.004235111261926026,0.0,5.170438353955666e-05,0.0002262517849912677,0.0,0.001317832818990072,0.00044171516204966863,0.00015967850809710867,0.0,0.0005469353194712603,0.0,0.0,0.0006626127885933444
Ward 59500075,0.008380426758032451,0.0002718840983011078,0.01838564047102844,0.013362216831834871,0.0009067393626911686,0.00043305032604132077,0.0002907003270668738,0.009475457941490979,0.0016303510944697727,1.951179101866453e-06,0.0009309283000589761,0.004695568697328131,0.00044046717017697635,0.44332999881824225,0.0011625240254737937,0.0011533059321740331,0.0003046655129530179,0.008324672851628414,0.0022464814626898485,0.0003298561813741319,0.0004662387090829462,0.0009291693795959702,0.0036743164789361377,0.000255129118064932,0.17419572813172954,0.0006487547100264974,0.0003509330809511444,0.12873277775044767,0.0,6.874056502048736e-06,3.814234507895654e-05,0.0016193457244090327,0.061581192787790215,0.0012727625445915459,0.0,0.08215023395697209,0.0002565863117504362,0.004497563346884209,0.0020611504110426065,6.903652175012298e-06,0.0004743161365037153,0.0028621374446690683,0.0034440729022063915,0.0009480489016431649,0.0016175207386808054,0.0029741064554614826,0.0014385643604913597,0.0,1.9013202820001763e-05,0.00046125201393859615,0.0,0.0020204965404586094,0.0005873619259628237,6.855801665237272e-05,0.0,0.002040830027186431,0.0,0.0,0.002243031495135561
Ward 59500076,0.0280095218633975,0.0004122296251753586,0.008455577286211468,0.0014790882589754194,0.0007872006714117799,0.0006170135305104544,0.00043389516555093896,0.00270783224429177,0.0006920133293201909,3.8767588024003686e-05,0.0013336516006507745,0.004234115465722047,0.0008163996469413028,0.5180290439760815,0.004983835250024089,0.0015872993244483607,0.0006812813769256565,0.007435159647502074,0.0005798237740387963,0.0003349943337359269,0.00046480808709353577,0.0008859261194953142,0.002735622487967052,0.0001952759780562292,0.036287678010365684,0.0004222712783480319,0.00032247773211265354,0.13840822736117234,0.0,0.0,9.100078970320195e-05,0.0007067565161668589,0.07160514668372826,0.0014441636454187532,0.0,0.12742650298487293,1.811798713738369e-05,0.007217258806278284,0.00203738707127035,1.3709112562555822e-05,2.150707896448643e-05,0.0006345733002786009,0.011776691529553983,0.002347045244110215,0.0005930589876887772,0.002700995750210772,0.004480906904795115,0.0,1.861054665069579e-05,0.0002773585028114367,0.0,0.0012132414959248477,0.0005173640018832885,0.00026796114481007,0.0,0.000507899223221889,0.0,0.0,0.0007117116784067619
Ward 59500077,0.005732004327169436,0.0003086691522708583,0.021697325160905338,0.019070995921653486,0.004205557523008146,0.0006047748923554177,0.0003375915589766633,0.010539052377123312,0.00477587433348113,0.0,0.0008427113188230863,0.0020505119582288904,0.0004754710520955557,0.32677278659988074,0.0005973642519771924,0.0006290355432149672,0.00016488926247165876,0.0052387045239001475,0.0035013236561796295,0.0005010834607671491,0.00042845786099024517,0.0009785145541569272,0.01797131677515491,0.0002214670803118302,0.37277025328415114,0.0034922210499202665,0.000287940865456515,0.08368891607994915,0.0,0.00019511409265021517,2.0218214472924157e-05,0.0018439404894398052,0.014672997074408356,0.003065257503049406,0.0,0.049755773273028055,2.1824081091322472e-05,0.0025852666377559983,0.00163933747981517,5.6367947358587036e-05,0.005284896331487223,0.006131419484425171,0.0008952539799481224,0.0009895925146486042,0.0033415453577649162,0.007745744867744839,0.0014255468238389762,0.0,1.1486358469117091e-06,0.000361845209984138,0.0,0.0030891981619162612,0.0005682517724042213,0.00014742790931629343,0.0,0.004501279473802242,0.0,0.0,0.0037759382592284117
Ward 59500078,0.016866262005750334,0.0003952792519374018,0.008178630420769778,0.0022942316820596708,0.0009796323350014838,0.0005500226576519326,0.0004642452523399784,0.0031275976506191113,0.000884946592651581,8.05156541454324e-05,0.001266698505689896,0.003534352164317051,0.0007912958561967975,0.5443330674562262,0.004440280175917816,0.0015252877215920886,0.0008017180396432543,0.00854386069762809,0.0007275581239122297,0.0003070958239001785,0.0004597818271131515,0.000651925076706762,0.003820335544197996,0.00034328748166617755,0.04935006409190694,0.0008836277981986251,0.0003466472069164375,0.15194403673094412,0.0,3.0245848609014445e-05,0.00011372381863907604,0.0006842667003866293,0.049849574824895576,0.0012519926654427605,0.0,0.10820864998930235,1.3618176603090393e-05,0.0071567497364361,0.0020137772058688294,1.5343069624929478e-05,0.0005911508612596346,0.0008547251093909825,0.007042708597295248,0.0022499210908030506,0.0006302111860221975,0.0029062635840032,0.0048230423133932025,0.0,3.284028379645529e-05,0.0002456724154298585,0.0,0.0011727140322153127,0.00046745093105242044,0.00023127570242602294,0.0,0.0007408346303069167,0.0,0.0,0.000780963401196649
Ward 59500079,0.017942114749135738,0.00040616555553853314,0.007137357835078604,0.0009750186140521348,0.0005205460419630668,0.0005439626539934371,0.0004846461264778016,0.0020777316761048437,0.0004440641383578948,5.9892063336344214e-05,0.0014706184236104695,0.003660644754586959,0.0008244967330516423,0.5696633805667588,0.005330077599023414,0.0016505617095314783,0.0008131110829390712,0.007754251068311581,0.0003919035819719246,0.0003023814670115906,0.0004812377500904932,0.0007551529554778645,0.0,0.0002768367921098101,0.016199692839073576,0.000419680526785392,0.0003577307412437917,0.15204504340915004,0.0,0.0,9.271717709671289e-05,0.0005630440554550233,0.058698794400652954,0.0011081253961559541,0.0,0.11627183790834561,1.755551082059703e-05,0.007492661845351976,0.0020783502048585347,1.7510586494621914e-05,8.48351644629572e-06,0.0004546171309567377,0.00808364239361967,0.0023843973030831887,0.00010355535048558071,0.0018084609255948148,0.0050708715148236865,0.0,2.35284806650056e-05,0.00023609197375567311,0.0,0.001075935772352065,0.0004776515818067949,0.00025132402644017945,0.0,0.00023461854293786553,0.0,0.0,0.0004579229470344155
Ward 59500080,0.014909127463614256,0.0003944539661297911,0.008284702252901276,0.002342814064927229,0.0008247784476704442,0.000495921556703455,0.0004487720715439169,0.002737972951919263,0.000678101273812359,7.946687741368537e-05,0.0011831931789309479,0.003017841695687923,0.000810556902126233,0.5834865959347795,0.0036727715583584337,0.0015430891977250651,0.000812626897109958,0.009508858287983755,0.0005752043760169449,0.00031000751476345924,0.000492098729142668,0.0005015690466286079,0.002336305044189726,0.00038280051689278284,0.03773392175200406,0.0008840459714885699,0.00035379467357441895,0.15441688124425795,0.0,3.0245848609014445e-05,0.0002356178730459303,0.0006643321508096082,0.03538704125305099,0.0011090982002029978,0.0,0.09989403393531476,8.437144751799923e-06,0.007269219527550963,0.002092144913606734,1.2445215712531078e-05,0.0005874098036867033,0.0007626616351895651,0.00556010701091637,0.0022319215664367374,0.0004899633491749534,0.0022786699704879687,0.004832046613919761,0.0,5.028801205214885e-05,0.00020306991725845176,0.0,0.0011910023964361394,0.00044990371210816105,0.00022204351169423706,0.0,0.0006052996112643229,0.0,0.0,0.0006147233784222298
Ward 59500081,0.02222783949116309,0.00042309238192898564,0.009353586584401817,0.0010943376753041324,0.0004941297228670601,0.0005519596107442365,0.0004123951169946282,0.0019545389390744636,0.0003935889470129646,2.684169766577767e-05,0.0009372181463592423,0.0037404733748632917,0.0007893068905333955,0.5389147859796574,0.004636262240326862,0.0017101332241073824,0.0006457099398290118,0.008111611237753216,0.00038439699681086715,0.0003154365778854442,0.0004333037651060675,0.0008502303801510973,0.0,0.00020060291984757599,0.01723991343136641,0.00039672822794427007,0.0003184356231908782,0.1479962988384501,0.0,0.0,0.00012247078086617146,0.0004844606403210166,0.06310452725323029,0.0012392507657842315,0.0,0.13872360757184543,4.4998105342932945e-06,0.007523243363487924,0.001915004056401914,1.0227351124641246e-05,1.0140175737179777e-05,0.0004416353423670843,0.009563656302976216,0.002432067640260569,0.000219352099074637,0.0017779947623957838,0.004925280038186973,0.0,2.8385487645388452e-05,0.00024313062424591417,0.0,0.0011227619120011772,0.0005407663991543777,0.00032261463133252704,0.0,0.00023410289050875452,0.0,0.0,0.0004576621391777895
Ward 59500082,0.02639098898395803,0.000412137678599489,0.008046544184772587,0.0015724239427151836,0.0006883352106421478,0.0006787692500015628,0.0004673356825327722,0.0023901238297271594,0.0004899600925129149,6.693159186353896e-05,0.0010424834576015529,0.00389152365362635,0.0008201057161543711,0.5321944617526216,0.005498637276006971,0.001665421639718863,0.0005313541080268152,0.008103858668578113,0.0004752527059654537,0.00033410784799153934,0.0004951113979279534,0.0006902753505479772,0.000625795993979391,0.0001941815801621039,0.022458109500365326,0.00041550357197623554,0.0003749364163000395,0.1410228512511454,0.0,0.0,0.00012363445322483694,0.0006646161339614157,0.08004079236439263,0.0013265952411710548,0.0,0.12330323859268823,2.8092567155067164e-05,0.007303504496187918,0.00210153787148972,8.664578962996132e-06,2.9026953308414488e-05,0.00053744200217614,0.010732035509982375,0.0021651897259608094,0.00024486472841734084,0.0017387072608891704,0.004430625083397132,0.0,3.2971769194933306e-05,0.0002746373226759743,0.0,0.0012238335934966129,0.0005252127762174049,0.00026067265793824836,0.0,0.00031954200183903725,0.0,0.0,0.0005470399792511428
Ward 59500083,0.02067276699625494,0.0003629108379405783,0.008468183883732336,0.002398021830358793,0.0008452079027317727,0.0005179853484739719,0.0005001800677188838,0.002972330746612086,0.0007549310776002135,3.339065797063166e-05,0.0008294542625039514,0.003195407324969021,0.0007864397921001743,0.5520472962377505,0.005296106449680937,0.0016104678131118669,0.0007314988304044297,0.00940751035523706,0.0006925315753635485,0.000321290400510361,0.0004603982378608636,0.0006544604110350876,0.0033614184819464447,0.0003507545560359989,0.043373076846504335,0.00039831993292550503,0.0004030816591297676,0.1478064169260895,0.0,0.0,0.0002720914493092774,0.000630597898101244,0.057363201817629376,0.0011479917390820513,0.0,0.10132159245403329,1.6874289503599856e-05,0.006904287581851022,0.001970110889727131,9.039998003894736e-06,3.020978311197435e-05,0.0007403052953849863,0.006664794611222094,0.0024631841445176797,0.0006632313918273723,0.0029291423409027757,0.004279242990023857,0.0,5.24546547138414e-05,0.00019067231297719087,0.0,0.0012282649195658212,0.0004576117077015782,0.00019185529646027194,0.0,0.0005856561886432471,0.0,0.0,0.000635746803153167
Ward 59500084,0.01967841006491515,0.0004201220440369629,0.010206747403043632,0.001353657499794511,0.0006853411493270343,0.000520875918190292,0.00034649657005799827,0.0025222223080738192,0.000557066416912641,4.521529803513547e-05,0.0012154979607834748,0.003605846563312439,0.0008003540931942694,0.5383368400537759,0.0031448919768641294,0.001558346675967011,0.0008496303961869381,0.008305824048850344,0.0005052860772784401,0.0002900685645716972,0.0003863875873346562,0.000671555199764097,0.0027356224879670544,0.0002663399660298943,0.036586563646439314,0.0003893742956268619,0.00027964385158271796,0.15217952782852315,0.0,0.0,0.00011993194398059695,0.0006275306033409763,0.04288140754166755,0.0013616248443456514,0.0,0.1339101080144383,0.0,0.007558034386060657,0.001884187708048592,1.134590239661993e-05,3.0179827951181722e-05,0.00066757448940934,0.008670491986905851,0.002386792300187657,0.0006090723595753553,0.002335776988081119,0.0051009891659729335,0.0,3.098204868606451e-05,0.00023143535517515965,0.0,0.001168289549692732,0.0005428819740012213,0.0003419829980324965,0.0,0.0004734651453050895,0.0,0.0,0.0006121589203056839
Ward 59500085,0.020290801751877977,0.0004244772787705003,0.01014633810022414,0.0017235323698644542,0.000751671890844727,0.0005495802735909891,0.0003563542274481852,0.00275062554142405,0.0006134151497865942,5.036475154435585e-05,0.0011980637010500289,0.003910463311835427,0.0007851370645692492,0.5300272763998874,0.003319741179937974,0.0016001323037807048,0.0007302215421906979,0.007942966454162205,0.0005829669229236666,0.00030548010971369403,0.0003904231181668,0.0007741306819697779,0.0027356224879670535,0.0002406005320908463,0.03821542739491575,0.00039114942117300417,0.00027214379207311063,0.15171634381711996,0.0,0.0,7.978425232879923e-05,0.0006154973358281602,0.04664533191622954,0.001396741564836785,0.0,0.13535807968404684,9.749589490968808e-06,0.007428139497009312,0.0018866607086233458,1.2185635527941187e-05,2.523665084035614e-05,0.000698238690785713,0.009181742571508422,0.0022705814299324783,0.0006595157056811014,0.0024636560948988195,0.004980979548144817,0.0,2.7330416347268796e-05,0.0002501416323635242,0.0,0.0011834042827421072,0.0005395005564777104,0.0003229796194862556,0.0,0.0005252899641593744,0.0,0.0,0.0006437810818071572
Ward 59500086,0.013949297296846314,0.0004094128937517901,0.008925025221961841,0.0012204004258484003,0.0007527032140177953,0.0004886697552136287,0.00036234774632066776,0.0025291708071438312,0.0005869174596845887,7.248539627732586e-05,0.001521046455283175,0.0033850780933580658,0.0007674068286828803,0.563112457960558,0.0028304609351384505,0.0015744105329049559,0.0008802515181173537,0.007863443090472207,0.0004899276210976189,0.0002832095957858042,0.0004038843426531227,0.0007073255830555486,0.0027356224879670527,0.00030935358018124924,0.03500342613462546,0.0003842989385817957,0.00025208797441487785,0.16405798797806898,0.0,0.0,0.0001198268660801071,0.00061747465662289,0.03189376085472141,0.0012679975534432802,0.0,0.11937107984964439,0.0,0.007467508159400388,0.001885657859703098,1.373384786740581e-05,2.3572299931582592e-05,0.0006956308650450181,0.00706825242541206,0.0024806479771354367,0.0005167869931703297,0.0026203753757439293,0.005018404667918942,0.0,2.7407470314021415e-05,0.0001986723420650468,0.0,0.0010910869310789492,0.0004782578312544074,0.0002687839320907992,0.0,0.0004807128381489679,0.0,0.0,0.0005362585351948143
Ward 59500087,0.022612179601070332,0.00038190874996935905,0.007198043535108089,0.002367494887380568,0.0009257238136257005,0.0006506737429023733,0.0005217334250325066,0.0032127412656037012,0.0008016288669887679,6.174869918445154e-05,0.0009924725460708494,0.003585533473036016,0.0007755493206532278,0.5389949729775295,0.005947657594701395,0.0016090025371289969,0.0004992522272139092,0.008321528168508723,0.0006909566243923027,0.00035221697375112756,0.0005341610118725417,0.0006780307798907334,0.002735622487967052,0.00023976173421387826,0.04201526417100156,0.00040863068446361556,0.0004111047431232975,0.14403616888697024,0.0,0.0,0.00018519929010941757,0.000734170328680164,0.07799017474602679,0.0012987454780793038,0.0,0.09736684696846466,4.361691349837901e-05,0.006754385816060204,0.00207274786656173,1.1379803988675302e-05,3.84130204050501e-05,0.0007593945313200994,0.008404537493974264,0.002192723073811365,0.0005151848926608716,0.002680870842350625,0.003976688740525948,0.0,4.242175507927095e-05,0.00023414438481850552,0.0,0.0012833482117579852,0.000444197963824275,0.00013738245753962359,0.0,0.0005865751097408381,0.0,0.0,0.0006850867813670067
Ward 59500088,0.023356002651023142,0.0004274558056709223,0.00913514184372454,0.0011021622580700556,0.0008263590872147515,0.0006228345770273229,0.00040877148269402846,0.002728255743128971,0.0006903253172682788,4.6015464853058694e-05,0.001070739358241947,0.003661994885594707,0.0008084724357486854,0.5093095266465523,0.004613754311371292,0.001606158818075581,0.0006310565514166391,0.007863835713907488,0.0005928649680578634,0.0003329058112406676,0.0004076698043517529,0.0008888094103434016,0.003361418481946442,0.00019690211073392745,0.03773476090164176,0.0004184598652915984,0.00031568972619471495,0.14332203063851515,0.0,0.0,6.528841937078913e-05,0.0006595338977097012,0.0664241084898542,0.001523230468423828,0.0,0.13988753608821988,1.0468309229085086e-05,0.007470149407447094,0.0019166776108845642,1.4890961830010035e-05,2.3952761837597826e-05,0.0006787471239593075,0.01049356190003908,0.002358316086345449,0.0006865866480648241,0.0028503850873394486,0.004868736890460209,0.0,1.8831797930035813e-05,0.000289756640595334,0.0,0.0012177963277348485,0.0005492946927133909,0.0003363887679881735,0.0,0.0005073504657475762,0.0,0.0,0.000668036486374168
Ward 59500089,0.023905025894128615,0.0004021014224129437,0.00954850077226131,0.001173214332698596,0.0008501256127275423,0.0005977423708411015,0.00047334945084634547,0.003490642653212757,0.0010189986813933653,2.6068195678097107e-05,0.0010302700357972718,0.003996571128955921,0.0007688954046867768,0.4904351946168389,0.005827291973923941,0.001597260893273497,0.0006035424552595204,0.006707673877793831,0.0006632961512659779,0.0003250545609607342,0.0004578904742675132,0.0008210490191706224,0.0025240438423835437,0.00014877218438769934,0.06411743733544127,0.0011601953082192979,0.00035367128199796026,0.12990873801180103,0.0,4.720185464740132e-05,6.485255449405738e-05,0.0006763500109719853,0.07859165948474067,0.0014123430582454243,0.0,0.13053894195970375,2.4717709254347182e-05,0.00700760249184346,0.0019096179669016863,1.2356224906383339e-05,0.0009351786720537485,0.0008124856267440193,0.010697390575640084,0.0022870088345432094,0.0005530507097743019,0.00258867506150883,0.004452330273845566,0.0,1.4209107926000189e-05,0.0003134715062170816,0.0,0.0011959494733382538,0.0005640742998408922,0.0002934677432342103,0.0,0.0008920675896317192,0.0,0.0,0.0011823792673668766
Ward 59500090,0.006134530745696389,0.0003153943913278233,0.02214240517558547,0.019790161936048663,0.0041603255055042985,0.0005945267219172656,0.00033992950909291875,0.010239951411542592,0.0048145863342612194,1.3230313293818798e-07,0.0008436872031738684,0.0018017672116837648,0.0004835200271350673,0.3297362123344029,0.0005378656739896469,0.0006305164567126524,0.00016974321097646802,0.005338791266434424,0.0033836431474061567,0.0005065404336868336,0.0004009066126631836,0.0009828233658055882,0.016549865874544576,0.00022127447162992555,0.3786596384973248,0.0032113219664737813,0.0002991646895702851,0.08264129656252074,0.0,0.00017697967692576277,2.1295243087501292e-05,0.0018029972556368348,0.009408423347818343,0.0030871534282080294,0.0,0.04871002893683946,7.124700012631048e-06,0.002598117922915012,0.0016367245561192828,6.204391015882429e-05,0.005036080340422923,0.006177166604721812,0.0008480479203962964,0.0009927391594440134,0.003170429295729295,0.0073395570742464,0.0014287059944050624,0.0,3.7498421119110775e-07,0.00034261010488951084,0.0,0.0031150988385775214,0.0005615036806374048,0.00015656396420967518,0.0,0.004542496649258551,0.0,0.0,0.0038472133708844546
Ward 59500091,0.01365273524595795,0.0003966432053736628,0.007839662125840363,0.0016620059308078221,0.0009287347172113308,0.0005865696463508107,0.00043274586223472324,0.002771911118390709,0.0006555822896544114,9.195041039028404e-05,0.0011586117805383084,0.0031811845474838066,0.0007319952082323256,0.5746131000680856,0.003484248425029091,0.0015391234029061328,0.0006646034223724294,0.00892145907097165,0.000542913126849409,0.0003035292750205572,0.0004925236392750373,0.0005312908485299455,0.0029859408855588097,0.00035771187060175934,0.03855735228707967,0.0004014575356039426,0.0003081102441912643,0.16157852855992255,0.0,0.0,0.00018757779094237035,0.0006791538177481773,0.0417789113644209,0.0012198956466877586,0.0,0.09839773482681274,8.437144751799926e-06,0.006936947874745337,0.002051757821549183,1.087195429627155e-05,2.056494835816725e-05,0.0006905674752027973,0.005921423956834728,0.002174185127688013,0.0005138821049180452,0.0024981426479653165,0.004436148407002925,0.0,4.555002231153402e-05,0.00019721682418573415,0.0,0.0011156617080342337,0.0004389639228660248,0.00017953407544836063,0.0,0.0005511284605587368,0.0,0.0,0.0005735173262065651
Ward 59500092,0.009467504468358435,0.00026884988642380305,0.022113806696290966,0.01975055021644923,0.0007214978469765328,0.00039485132265678594,0.00028539376889699755,0.008963545725637248,0.0015997189216015609,1.3812720942808708e-06,0.0011619006584057182,0.0047336810518033325,0.0004162661724448015,0.44097564112976684,0.0010460958430844572,0.001022138574077071,0.0002461658965145285,0.008456045587911987,0.002709936598311654,0.0003582995407994804,0.0004619365325808728,0.0011332465424457399,0.0027356224879670527,0.00031515550065316564,0.190003966928272,0.000426064866379275,0.00040646575182722125,0.14043447749341303,0.0,0.0,2.925655529748786e-05,0.001418448509647231,0.04035587914653201,0.0010767115716516767,0.0,0.06970795946604472,0.00019114531716073492,0.004406977840834713,0.002232422016201341,1.2243467545713506e-05,0.00037821763634295346,0.0027175034837231137,0.0025584874693860365,0.0008905164855558237,0.0013772490807331579,0.002831698756971346,0.0010184980249152763,0.0,1.483804597034797e-05,0.0004023471655710615,0.0,0.0021564069436199257,0.0006367537106202713,4.667336430232995e-05,0.0,0.002362010376279076,0.0,0.0,0.002567548283049815
Ward 59500093,0.009434302613320905,0.00032532066300052897,0.023436162396789223,0.018883010493174167,0.0028572003680168018,0.000522184888387374,0.0003001659771533871,0.009448828910914538,0.0039225825437307245,0.0,0.0010467818673479447,0.0020089735155051185,0.000506729987744006,0.35028305223469486,0.0005929292865756331,0.0007190586427839795,0.00016657903630662614,0.006440552840290238,0.0027954516929549968,0.0005063576783702713,0.000503227996383061,0.0010011827412213493,0.007867691453311459,0.00030684899961568485,0.35896008467932966,0.0019340044264987643,0.00031048611450645283,0.09212090009893792,0.0,9.717515429721599e-05,2.492783089615378e-05,0.001620173084251081,0.015018979702268365,0.002273845055012282,0.0,0.04732015415330063,2.4673961096374888e-05,0.0031166094365302614,0.0016252085773282557,5.622246534883045e-05,0.003517768585763989,0.005406653803972591,0.0010948708533229069,0.0010145288825363899,0.001824511580199771,0.004677389071602889,0.0015865531125648904,0.0,1.7652215433329074e-06,0.0003501497347713045,0.0,0.0026632056391240554,0.000560182498826429,0.00014898433788371692,0.0,0.004202994105805041,0.0,0.0,0.004571821004887665
Ward 59500094,0.017487165156584203,0.00039235766137249054,0.007574913994301505,0.0017743832947125027,0.0008066402115938723,0.0005893521288962639,0.0004843295460736163,0.0026524069678470915,0.000720710778657346,7.958505904899028e-05,0.0014024647278959234,0.0034363103194284673,0.0007984160135178097,0.5434028305239622,0.005412180197601075,0.0016251911525121314,0.0006691778154085018,0.008355734165630003,0.0005816300658615331,0.0003219702995278322,0.0004571749154717936,0.0006878355650093265,0.002735622487967051,0.00027482344412183024,0.035881401646646306,0.00040689969766937416,0.00036596154479513846,0.1566327949692972,0.0,0.0,0.00012023188027509107,0.0006193018976646762,0.060684629024685466,0.001320255516630232,0.0,0.1102955475419153,1.361817660309039e-05,0.00737654007418618,0.002018000462519734,1.7297921514562676e-05,1.9880804723267443e-05,0.0006980871792273628,0.007337524331269881,0.0024071974032459885,0.000512036205805007,0.0026426302055038773,0.004647728790046918,0.0,2.910170340019776e-05,0.00023507896196559304,0.0,0.001195407489772049,0.0004648672060648401,0.00022180522270892985,0.0,0.0005069164808567216,0.0,0.0,0.0006060511680030135
Ward 59500095,0.017515016874450482,0.00038371468956786327,0.007981707467956558,0.0021882529342377327,0.0008686200788044692,0.0005688274032358431,0.0004498209689698601,0.0027120498620502383,0.0006533080433309495,6.364798523521125e-05,0.0013738313463204858,0.0028595876992373206,0.000776470688058308,0.5892467935178816,0.003519727750476664,0.0015362700318596984,0.0006694018039431754,0.009156675111736777,0.0005975603075595816,0.00034345278101151247,0.0005886537842943754,0.0005674318072762618,0.0033614184819464425,0.0003538540191806279,0.041781286017821405,0.00044126406360261045,0.00033857280830937585,0.1464925006443233,0.0,0.0,0.0002502826886593601,0.0008541751076388883,0.03889713593644701,0.0012894632957231665,0.0,0.09251429918673554,0.0,0.006890183096358242,0.002287668404490645,1.0776868818660695e-05,2.3233460694683874e-05,0.0007208923725400676,0.0058906337341741,0.0021174116235375923,0.0006354356830831541,0.0025184373905621205,0.004284420767693525,0.0,3.5312956706796673e-05,0.0002097199063388834,0.0,0.0012675132691441068,0.00044772022277026955,0.0001889706135624493,0.0,0.0005832938552554349,0.0,0.0,0.0006933005863865294
Ward 59500096,0.024800045237908203,0.00037804488287848426,0.007385929352052983,0.0025521235577417416,0.000925279376287999,0.0006741300843653149,0.0005108275033632947,0.0030361218294535867,0.0007470565315808008,6.504332796376118e-05,0.0012249094818972332,0.003820669308346217,0.0007850519618088696,0.5507233706723547,0.005370490770234156,0.0015741739671026108,0.0005229178407335773,0.0078123474547325475,0.0007409096127363195,0.0003492872306766614,0.0006292253987776673,0.0006920216483952133,0.002735622487967051,0.000217760819484996,0.040899098059640406,0.0004401602572302438,0.0003787636800256771,0.1373103347999637,0.0,0.0,0.00019520913260319772,0.0009089702264068687,0.07332642969616834,0.0013142508013216936,0.0,0.09515993714364805,3.1054942423476895e-05,0.006782333230396178,0.0022858762115871376,9.428182387485476e-06,1.8687006139044404e-05,0.0007263796737162618,0.009339850491180766,0.002102388341024971,0.0005221386053728084,0.0025102890811085775,0.003947885055242747,0.0,3.438889257255181e-05,0.00024582999479632,0.0,0.0013196790795387534,0.0004694529289922151,0.00013764260453651714,0.0,0.0005662690665730876,0.0,0.0,0.000743912476558743
Ward 59500097,0.0006646518020115819,0.0001222776638812617,0.028850515639150316,0.004241614675655113,0.0011547532812231402,0.00038296326220619106,0.00026976878725521526,0.01787365217659329,0.005313695682217646,0.0,7.922480868446996e-05,0.000770996054377194,0.00025154999544025925,0.10424619952091409,7.72088032835189e-05,0.00022407108528773554,6.64217207091795e-05,0.0018842220101706712,0.0017511822879779802,0.0002065817872026481,0.00021384795512376898,0.0001837522760540711,0.010446819791557543,3.2956982391516283e-06,0.7254235407072978,0.0033742239868609094,0.0001707044398923642,0.02332295714842938,0.0,0.00019296656994791559,0.00030055956363450587,0.001807274946704887,0.0021915382505716813,0.0007806340105532246,0.0,0.02098428906434197,0.0,0.0007045809556481674,0.0007090651850167542,9.028138903333911e-07,0.004544330179672383,0.0029154628641866764,0.00040352778176272133,0.0006033928198685305,0.0015947211763097278,0.004143469652512651,0.0001858680491277122,0.0,0.0,0.0005781642762982072,0.0,0.0010679710515451516,0.0005964408757414864,2.5972157691923644e-06,0.0,0.009229522509701472,0.0,0.0,0.014892027139498306
Ward 59500098,0.018754551761679606,0.00039746231658597484,0.008035589011684522,0.001491130351137474,0.0008246125752518098,0.0005895966203139745,0.0004515739325667525,0.0027452508512162874,0.0006907221586187718,7.545567267006714e-05,0.0013842289575171868,0.0033945883561789527,0.0008134825193541056,0.5493839104475763,0.004679698998326517,0.0015962821084883239,0.0007180020720103813,0.008315875235777495,0.0005568284006777434,0.00031253445410329744,0.00047967639115732637,0.000648847975277907,0.0027356224879670535,0.0002923062161681036,0.03610592138485411,0.00041519471784426214,0.0003459504715571961,0.15113076609552306,0.0,0.0,0.0001390443871164889,0.0006961138657529789,0.057074973399213934,0.0013518683216595558,0.0,0.11184382248557707,1.81179871373837e-05,0.007324794326372344,0.002067962293494202,1.3109415859236357e-05,2.1411197320233e-05,0.0007194595686862338,0.008093107920427292,0.0023835570825977872,0.0004954699330237087,0.0025181481523087797,0.004554651727533029,0.0,3.0791281164552283e-05,0.00023497629545418076,0.0,0.0012094489328165249,0.0004900338191495917,0.00023798784093496755,0.0,0.0004962635172395526,0.0,0.0,0.0006192237070759792
Ward 59500099,0.010685153014515492,0.0002813496049288468,0.02143140042019435,0.016666278557618337,0.000716849076941211,0.000399321507514477,0.0003197299533397425,0.008987301607285128,0.0017944464960963347,9.843626954663062e-07,0.0010207373217327239,0.00428871098183148,0.000418710070623896,0.42292137244389255,0.0015645177275953545,0.0011324031037573045,0.00025758914841415885,0.008368299579504728,0.002547248258367945,0.0003765290196640068,0.0004414912926712344,0.0010824326365794763,0.004320972339381508,0.0002634452344981963,0.20371340087267378,0.0010973213022880612,0.00046147561406293313,0.13303806614045213,0.0,4.032779814535258e-05,1.2362138866790479e-05,0.001497124626380633,0.04488108704722944,0.0010955814825371495,0.0,0.07434336224519794,0.00014178489549427874,0.004466394904483035,0.002131801209263052,1.1171508251720909e-05,0.001041625895026147,0.0025611395834520805,0.0031710697276095576,0.000946342691471224,0.001516421692063425,0.0034915328659703274,0.001134856300233944,0.0,8.722161353002349e-06,0.0004711783727365828,0.0,0.002022574832807873,0.0006430039566022948,5.0953609035009495e-05,0.0,0.002742806623135701,0.0,0.0,0.0029792361435323593
Ward 59500100,0.027360936964655358,0.00042227891392322095,0.007827134606746704,0.0015930517805930672,0.0006470916806505354,0.0006626071986131915,0.00043416261708132515,0.0020521894644099604,0.0003920263379604497,6.102417056780361e-05,0.0011580642169308102,0.003851807082157521,0.0008441939338915444,0.5579916409707686,0.004385693426917063,0.0015629909820576806,0.0005871969542539226,0.008096281213930618,0.00041648605164126996,0.0003305483505885918,0.0005416649633533409,0.0006983991121197766,0.0,0.0002302105207249052,0.018081080954562748,0.0004434584373363879,0.00033001603667804475,0.13802651223000104,0.0,0.0,0.00012691853627041233,0.0007310707647465442,0.06790248973146458,0.001255063646385064,0.0,0.11882907895296438,1.3618176603090396e-05,0.007186213068389102,0.0022475185013747017,9.207554109819227e-06,6.159549343532954e-06,0.0004530803883900879,0.01097694210869249,0.0020537900320641306,0.00011630447023448043,0.0014665585356558326,0.004513252863839221,0.0,2.8991524014746682e-05,0.0002712202169624759,0.0,0.0011869885200722153,0.0005184581967367214,0.0002664618126025699,0.0,0.0002564202880307661,0.0,0.0,0.000555443387937521
Ward 59500101,0.013110049100238974,0.00030570619213301267,0.019223605840091605,0.016166791796635483,0.000480967718984815,0.0003817566958466261,0.00030714851066148546,0.007241618364133792,0.001191648889726544,1.6210748988376954e-05,0.0011202433849134062,0.004817967963808811,0.0004765529488735441,0.47582895828576915,0.001514112205340365,0.001095201549876211,0.000316339696000529,0.008726964088877092,0.0022366397495692416,0.0003514048796931637,0.00047177187763357644,0.0009930745412966813,0.0008761143915711475,0.00028573831697814085,0.1471962773593511,0.00043285095900072495,0.0004238662470634084,0.14701067852044677,0.0,0.0,4.0378822023516515e-05,0.0012606489255085232,0.041431685415894,0.0010051186503196986,0.0,0.07679191662569691,0.00013566640311501055,0.005054986668625567,0.0022894570088901082,8.293025086519862e-06,0.00027650460290489485,0.0021469376827777747,0.004136630101174417,0.001063465569098817,0.0010268883637927619,0.002116480304058452,0.0016062045833282275,0.0,1.8499082290340693e-05,0.0003110353631968949,0.0,0.0019566113427081895,0.0006044459913273492,7.330645515592527e-05,0.0,0.0019455372820196628,0.0,0.0,0.0020990409075027565
Ward 59500102,0.004666612239265296,0.0002858426672181074,0.02273456233526755,0.017050882183206505,0.003907934939857233,0.0005906535275604446,0.00033260938003895765,0.012510831597877756,0.0056864278016429135,1.3230313293818803e-07,0.0006425573451562733,0.0016625636707295912,0.0004419366453120237,0.2831464292494644,0.00042928372338151097,0.0005941972039920038,0.00016158616008955673,0.004667020088798384,0.003550901440805672,0.0004977872422257796,0.00037334763977425864,0.0008010128624211651,0.022974704746066336,0.00017079946610792782,0.426149396075581,0.005115180564637633,0.0002680925694610423,0.0707583746843732,0.0,0.00029822494018094637,5.7544493391385104e-05,0.0020250864792173877,0.011367126055295312,0.0026370490265066712,0.0,0.046350866529744995,1.3949412656309212e-05,0.002180046363516113,0.0014939645362057779,4.962119102783683e-05,0.006972715284349914,0.006168812328225535,0.0007752651394998958,0.0009126899439714749,0.003999746793374544,0.009200222219950331,0.0011376652725293413,0.0,7.341796134899584e-07,0.0004461461323254639,0.0,0.0027880373888312733,0.000573207009471627,0.00011970418097805649,0.0,0.00545254447783875,0.0,0.0,0.004807370267852361
Ward 59500103,0.01021399369545739,0.0002819195536526427,0.018694875260530805,0.012235291991182654,0.0007990228497827694,0.0004850283879406739,0.00029809496932090273,0.011021046998926956,0.0020085097806017992,9.843626954663068e-07,0.0008682306534627846,0.004155981369262419,0.0004773139492512984,0.42750593751312144,0.0016015464572976916,0.0012110371350470132,0.00025344315467331295,0.0079678398211652,0.0020487644808871133,0.000375252414330885,0.0005990509615714805,0.0008465118173792157,0.0016300495652701282,0.0003303595136596557,0.19949702289811785,0.0014510540474845209,0.0004130788787703048,0.12071323537373516,0.0,6.003342678455899e-05,3.070226893054401e-05,0.0014834555916734898,0.07778701296494218,0.0009107872537626923,0.0,0.06340444699983543,0.0003356892311012004,0.004251487097725752,0.0019799477995186875,6.6419169852433695e-06,0.0014063865136997825,0.0030748162302838065,0.0028988428926112458,0.0009635496123520727,0.0007714501256319826,0.002742234684051876,0.0014249770697327476,0.0,2.2437353960163777e-05,0.0006673327089619181,0.0,0.0016800753062881893,0.0006025349047626758,3.9134277137466345e-05,0.0,0.0025071396006366626,0.0,0.0,0.002964406314050253
Ward 59500104,0.030231348648810972,0.0004276399719581935,0.008846666424247009,0.0009335215261024384,0.000684762910757159,0.0006432039643904064,0.0004354964046216542,0.0024346789739662093,0.0005731254653162148,2.7187545793611176e-05,0.0009614494842621399,0.004343612330054601,0.000786459927921372,0.4936592951932876,0.0055396595907079745,0.0016412140481747379,0.0005557004736867254,0.007434416707721455,0.0005538751985852755,0.00034288199043211974,0.0004664106714059589,0.001020978078472315,0.002234985692783539,0.00015581143537525663,0.028345410007937534,0.00042561191242645216,0.00032673775103398464,0.13712360295384513,0.0,0.0,9.525834630146224e-05,0.0006604061952012931,0.08790714109100824,0.0014872556280390594,0.0,0.14154730019195494,1.4968119763378385e-05,0.007422754129287021,0.0019963354658482225,1.0730962606963865e-05,1.612927477818081e-05,0.0005653756426074828,0.01322508390056698,0.002569289606787996,0.0005218200955400392,0.0027223553033314646,0.004694366223281631,0.0,1.669550711874526e-05,0.0002906293328993028,0.0,0.0011955832339767545,0.000547846188425805,0.0002941107857952707,0.0,0.00039007652596498445,0.0,0.0,0.0006527429648367826
Ward 59500105,0.016645620207543038,0.00038526414501681146,0.007614680478736895,0.001775581529766296,0.000620491844518414,0.0005444344871684254,0.00047629673845961347,0.0025420009323601847,0.0006857496636705813,7.605562720025139e-05,0.0015705190068747408,0.0035963853388808076,0.0008218616895162671,0.5574846529089742,0.005031862337509353,0.0016267918434484784,0.0007712573938855433,0.00832473883135054,0.0005520655948943849,0.0003048239370364992,0.0004824148844738553,0.0006747551229017733,0.0013350314538227003,0.0003239795955154368,0.03365212481324811,0.0008985699193288289,0.00035243160899511096,0.15613402963894393,0.0,3.024584860901444e-05,0.00011209895244224422,0.000627653599190944,0.05435892245814497,0.0011258451323783198,0.0,0.10773144312148014,1.361817660309039e-05,0.007379596638349702,0.0020817750170877515,1.7872181765047574e-05,0.000576926343592499,0.0007076644673254106,0.007044407710233911,0.0023565508183927006,0.0002680531917571627,0.0021726902370947545,0.004753510990649496,0.0,2.401917832333386e-05,0.00024359926343271672,0.0,0.0011293846791960382,0.0004772742218975305,0.00023303110788939238,0.0,0.0005402359709098454,0.0,0.0,0.0006891091192128507
Ward 59500106,0.0019206072368579232,0.00023257052709177564,0.022068572196512603,0.008577918802148081,0.004146254406011882,0.0006165025611559174,0.0003937801325539982,0.017331420286956056,0.00944047258387315,1.3230313293818798e-07,0.0002946473234793018,0.0011897839283224573,0.0004210565428772283,0.18998534899332611,0.0001934270859907119,0.0004685400705407334,0.00012488192929287537,0.0031339324737536117,0.0039359967989607844,0.0004886497373836738,0.00032497742783006906,0.0002854288682368976,0.037570154646917396,4.713526409315841e-05,0.5305737922075923,0.010641941071837574,0.0002247843543791688,0.04281125112523314,0.0,0.0006496985241054685,8.036323078055831e-05,0.0024604429043443695,0.005372997646525367,0.002288813071746951,0.0,0.04188537096168953,0.0,0.0012027132127509685,0.0010882996237062143,1.9503319646314865e-05,0.012663998759934238,0.006778388285993268,0.00046726738540886573,0.0007225302675413471,0.0058387806290624645,0.013405391615560576,0.0005535902967131478,0.0,0.0,0.0005883458923992809,0.0,0.002153411152917212,0.000600901885753662,3.904137539482204e-05,0.0,0.007876864059128541,0.0,0.0,0.0058193250125552
Ward 59500107,0.008208890584714912,0.0002966662726426354,0.014806090731359956,0.009314319025286098,0.0005083208904143117,0.0004733866843044225,0.0002964029734992709,0.008386881494006345,0.0011724794767423892,1.412184433510133e-05,0.0009052178568540332,0.004951204859818897,0.000527822939116958,0.47803067484688266,0.0016108191547406514,0.0013051205252815317,0.00040754109590292626,0.008919883891396653,0.0015443377189500022,0.0002839896729429071,0.000657206955602053,0.0007285387395860965,0.0,0.0003047695023254586,0.12197255079135544,0.00056562447198631,0.0003044137828810203,0.1304470203703706,0.0,0.0,4.751969451448223e-05,0.0013615814284983188,0.09336666765980327,0.0009042878731224095,0.0,0.08221013415905738,0.0003050905194680061,0.005055599350230115,0.0021349601760673226,7.384591981100331e-06,0.0001019643440083948,0.002412813328377778,0.003523837888142407,0.001211738684542401,0.0006165581855113616,0.0017687356435121075,0.0022273667028789622,0.0,2.5542725314399586e-05,0.0006053853266708968,0.0,0.0015594205921054729,0.0005317461378625182,7.353340662796813e-05,0.0,0.0012076275482605196,0.0,0.0,0.0017962068801429913
Ward 59500108,0.019470881691057124,0.0004006930621796077,0.006609963038850604,0.0009399786167887263,0.0005564449381983006,0.0005627377075588774,0.00047220081531238015,0.0019371080039608795,0.0004565543879075639,8.103620363946038e-05,0.0014868249505343644,0.003444946173271405,0.0008424491388819437,0.5969631677921721,0.00434357393429983,0.001575309065063325,0.0007348189476731565,0.008685742667298185,0.00033254654066406,0.0003079080212319975,0.0005874127790311945,0.000432855829588772,0.0,0.0003042476836264494,0.017977371181807277,0.00046144972915114767,0.00035371301823957523,0.1527872103781304,0.0,0.0,0.00017750937465950994,0.0007353782361639564,0.052929301662098006,0.001141825440538278,0.0,0.09286627835881325,9.118366068797101e-06,0.0072969926602311375,0.0023275366258976174,1.674119801492036e-05,9.77219831893935e-06,0.0005441518722085113,0.007476165474863284,0.0021698644045015053,7.17196871519024e-05,0.001297754610998621,0.005046542256800013,0.0,3.1701391824652964e-05,0.0001991757418337462,0.0,0.00115547197773047,0.0004287916980830567,0.00017043964203436156,0.0,0.00028534312046882683,0.0,0.0,0.000503277704578133
Ward 59500109,0.013917008347269328,0.0003073188897239895,0.017176721626543143,0.012093987279937721,0.0005078045290294862,0.00038585775989023757,0.0003162913717013537,0.0060509106278416715,0.0012069407477438275,6.584231601857345e-06,0.0010674328245404248,0.005150633864698775,0.0005493855624626019,0.4748177611270614,0.0022111609606636053,0.0012504086616635854,0.0004660125015694738,0.007913403556553384,0.0018599842596606054,0.000322977814002427,0.00046214922804678233,0.0009638954739676826,0.001335031453822701,0.0002457277822710193,0.11964515640212708,0.001114021735515014,0.0003596430568016041,0.14425049012772503,0.0,4.399396161311192e-05,7.37317725272806e-05,0.0010268972194190603,0.053907644035452326,0.0010163996649560224,0.0,0.09842703500682255,9.492725306302891e-05,0.0056859226809284225,0.0020421303015918804,1.0549594719735283e-05,0.000989569203091723,0.0019042800598131238,0.005316015890887947,0.001397965450554106,0.0011070141677889172,0.002294855387763587,0.002570703796175216,0.0,1.636995006994553e-05,0.00034251985309288524,0.0,0.001775121700643614,0.0005881287510313152,0.00014658280166204106,0.0,0.0016187876751014433,0.0,0.0,0.0016481520167948996
Ward 59500110,0.006956079597105859,0.00031382897281483367,0.023518675229492764,0.01806319982452914,0.003295043882149396,0.0005616453620130262,0.00031866837539327433,0.010431619262638006,0.004045808675508766,0.0,0.0009237839124382065,0.0017374471281793157,0.00047824046858073194,0.32245311145771066,0.0005434047820186033,0.0006154216050885681,0.00015672875981134757,0.0054363789518627826,0.0030203243512194615,0.00047033820785109565,0.00043642978384778156,0.0009961283034423194,0.01373676388256103,0.00024576685436551553,0.3999471675608887,0.0016429152755049864,0.0003011262736275091,0.08254623974167803,0.0,7.884433695841933e-05,4.6995143137897436e-05,0.0017218683066683174,0.008979459484266724,0.002527373094027045,0.0,0.045103871943196386,9.449602122015913e-06,0.0026886476416888377,0.001516584578130554,5.6259609691747004e-05,0.003034084760268075,0.005143113667629708,0.0007860129176125577,0.0009990879006680057,0.0027087313898527844,0.006272393429200363,0.0013857008175658357,0.0,9.639394920508562e-07,0.00033700443285989014,0.0,0.0026973873204358713,0.0005554560446272989,0.0001511348474427775,0.0,0.0046896816897284786,0.0,0.0,0.005317606620406327
Ward 59500111,0.01799133064473512,0.00038467994689681933,0.0069040006726121825,0.0015355418307680137,0.0008783882079099783,0.0006159969965229122,0.00048582180569352394,0.0025484879756677236,0.000698046429740677,0.00010197977339725361,0.001405990462738641,0.0033284621113397524,0.0008243231951565663,0.568813476374513,0.004871227409289194,0.001642129669919386,0.0006325127393161262,0.008751062059592966,0.0005432954289324192,0.00031645110322008464,0.0005297825488376442,0.0004414468312082941,0.002735622487967051,0.0002882961321963612,0.0345655868944704,0.0004201926922438774,0.00036810061043757105,0.1555797941401343,0.0,0.0,0.00020626793189203942,0.0007526571748379818,0.056238988766097064,0.0012754723648445208,0.0,0.09382806689308373,9.118366068797101e-06,0.0072620604852230725,0.002142122938552198,1.6484467255595835e-05,1.8870338615781e-05,0.0006802059769495639,0.0068582234371383334,0.0021505585243874743,0.0004855223766060572,0.0022588962766893804,0.0044375904983307915,0.0,4.085481322136322e-05,0.00021203051195634043,0.0,0.0012514832934828678,0.00043062985982481386,0.00014541501894257462,0.0,0.0005104326382297358,0.0,0.0,0.0005860198723120465
